function_id,covered_by_flow,flow_file,has_screen_states
F-1001,yes,flow/FL-account.md,yes
F-1002,yes,flow/FL-account.md,yes
F-1003,yes,flow/FL-account.md,yes
F-1004,yes,flow/FL-account.md,yes
F-1005,yes,flow/FL-account.md,yes
F-1006,yes,flow/FL-account.md,yes
F-1007,yes,flow/FL-account.md,yes
F-1008,yes,flow/FL-account.md,yes
F-1009,yes,flow/FL-account.md,yes
F-1010,yes,flow/FL-account.md,yes
F-1011,yes,flow/FL-account.md,yes
F-1012,yes,flow/FL-account.md,yes
F-1013,yes,flow/FL-account.md,yes
F-1014,yes,flow/FL-account.md,yes
F-1015,yes,flow/FL-account.md,yes
F-1016,yes,flow/FL-account.md,yes
F-1017,yes,flow/FL-account.md,yes
F-1018,yes,flow/FL-account.md,yes
F-1019,yes,flow/FL-account.md,yes
F-1020,yes,flow/FL-account.md,yes
F-1021,yes,flow/FL-account.md,yes
F-1022,yes,flow/FL-account.md,yes
F-1023,yes,flow/FL-account.md,yes
F-1024,yes,flow/FL-account.md,yes
F-1025,yes,flow/FL-account.md,yes
F-1026,yes,flow/FL-account.md,yes
F-1027,yes,flow/FL-account.md,yes
F-1028,yes,flow/FL-account.md,yes
F-1029,yes,flow/FL-account.md,yes
F-1030,yes,flow/FL-account.md,yes
F-1031,yes,flow/FL-account.md,yes
F-1032,yes,flow/FL-account.md,yes
F-1033,yes,flow/FL-account.md,yes
F-1034,yes,flow/FL-account.md,yes
F-1035,yes,flow/FL-account.md,yes
F-1036,yes,flow/FL-account.md,yes
F-1037,yes,flow/FL-account.md,yes
F-1038,yes,flow/FL-account.md,yes
F-1039,yes,flow/FL-growth.md,yes
F-1040,yes,flow/FL-growth.md,yes
F-1041,yes,flow/FL-growth.md,yes
F-1042,yes,flow/FL-growth.md,yes
F-1043,yes,flow/FL-growth.md,yes
F-1044,yes,flow/FL-growth.md,yes
F-1045,yes,flow/FL-growth.md,yes
F-1046,yes,flow/FL-growth.md,yes
F-1047,yes,flow/FL-growth.md,yes
F-1048,yes,flow/FL-growth.md,yes
F-1049,yes,flow/FL-growth.md,yes
F-1050,yes,flow/FL-growth.md,yes
F-1051,yes,flow/FL-account.md,yes
F-1052,yes,flow/FL-account.md,yes
F-1053,yes,flow/FL-account.md,yes
F-1054,yes,flow/FL-account.md,yes
F-2001,yes,flow/FL-asynctask.md,yes
F-2002,yes,flow/FL-asynctask.md,yes
F-2003,yes,flow/FL-asynctask.md,yes
F-2004,yes,flow/FL-asynctask.md,yes
F-2005,yes,flow/FL-asynctask.md,yes
F-2006,yes,flow/FL-asynctask.md,yes
F-2007,yes,flow/FL-asynctask.md,yes
F-2008,yes,flow/FL-asynctask.md,yes
F-2009,yes,flow/FL-asynctask.md,yes
F-2010,yes,flow/FL-asynctask.md,yes
F-2011,yes,flow/FL-asynctask.md,yes
F-2012,yes,flow/FL-prefill.md,yes
F-2013,yes,flow/FL-prefill.md,yes
F-2014,yes,flow/FL-prefill.md,yes
F-2015,yes,flow/FL-prefill.md,yes
F-2016,yes,flow/FL-channel.md,yes
F-2017,yes,flow/FL-channel.md,yes
F-2018,yes,flow/FL-channel.md,yes
F-2019,yes,flow/FL-channel.md,yes
F-2020,yes,flow/FL-channel.md,yes
F-2021,yes,flow/FL-channel.md,yes
F-2022,yes,flow/FL-channel.md,yes
F-2023,yes,flow/FL-channel.md,yes
F-2024,yes,flow/FL-channel.md,yes
F-2025,yes,flow/FL-channel.md,yes
F-2026,yes,flow/FL-channel.md,yes
F-2027,yes,flow/FL-channel.md,yes
F-2028,yes,flow/FL-channel.md,yes
F-2029,yes,flow/FL-channel.md,yes
F-2030,yes,flow/FL-channel.md,yes
F-2031,yes,flow/FL-channel.md,yes
F-2032,yes,flow/FL-channel.md,yes
F-2033,yes,flow/FL-channel.md,yes
F-2034,yes,flow/FL-channel.md,yes
F-2035,yes,flow/FL-channel.md,yes
F-2036,yes,flow/FL-channel.md,yes
F-2037,yes,flow/FL-channel.md,yes
F-2038,yes,flow/FL-billing.md,yes
F-2039,yes,flow/FL-billing.md,yes
F-2040,yes,flow/FL-billing.md,yes
F-2041,yes,flow/FL-billing.md,yes
F-2042,yes,flow/FL-billing.md,yes
F-2043,yes,flow/FL-billing.md,yes
F-2044,yes,flow/FL-billing.md,yes
F-2045,yes,flow/FL-billing.md,yes
F-2046,yes,flow/FL-billing.md,yes
F-2047,yes,flow/FL-billing.md,yes
F-2048,yes,flow/FL-billing.md,yes
F-3001,yes,flow/FL-token.md,yes
F-3002,yes,flow/FL-token.md,yes
F-3003,yes,flow/FL-token.md,yes
F-3004,yes,flow/FL-token.md,yes
F-3005,yes,flow/FL-token.md,yes
F-3006,yes,flow/FL-token.md,yes
F-3007,yes,flow/FL-token.md,yes
F-3008,yes,flow/FL-token.md,yes
F-3009,yes,flow/FL-token.md,yes
F-3010,yes,flow/FL-token.md,yes
F-3011,yes,flow/FL-token.md,yes
F-3012,yes,flow/FL-token.md,yes
F-3013,yes,flow/FL-model.md,yes
F-3014,yes,flow/FL-model.md,yes
F-3015,yes,flow/FL-model.md,yes
F-3016,yes,flow/FL-model.md,yes
F-3017,yes,flow/FL-model.md,yes
F-3018,yes,flow/FL-model.md,yes
F-3019,yes,flow/FL-model.md,yes
F-3020,yes,flow/FL-model.md,yes
F-3021,yes,flow/FL-model.md,yes
F-3022,yes,flow/FL-model.md,yes
F-3023,yes,flow/FL-model.md,yes
F-3024,yes,flow/FL-model.md,yes
F-3025,yes,flow/FL-model.md,yes
F-3026,yes,flow/FL-relay.md,yes
F-3027,yes,flow/FL-relay.md,yes
F-3028,yes,flow/FL-relay.md,yes
F-3029,yes,flow/FL-relay.md,yes
F-3030,yes,flow/FL-relay.md,yes
F-3031,yes,flow/FL-relay.md,yes
F-3032,yes,flow/FL-relay.md,yes
F-3057,yes,flow/FL-relay.md,yes
F-3033,yes,flow/FL-relay.md,yes
F-3034,yes,flow/FL-relay.md,yes
F-3035,yes,flow/FL-relay.md,yes
F-3036,yes,flow/FL-relay.md,yes
F-3037,yes,flow/FL-relay.md,yes
F-3039,yes,flow/FL-deploy.md,yes
F-3040,yes,flow/FL-deploy.md,yes
F-3041,yes,flow/FL-deploy.md,yes
F-3042,yes,flow/FL-deploy.md,yes
F-3043,yes,flow/FL-deploy.md,yes
F-3044,yes,flow/FL-deploy.md,yes
F-3045,yes,flow/FL-deploy.md,yes
F-3046,yes,flow/FL-deploy.md,yes
F-3047,yes,flow/FL-deploy.md,yes
F-3048,yes,flow/FL-deploy.md,yes
F-3049,yes,flow/FL-deploy.md,yes
F-3050,yes,flow/FL-deploy.md,yes
F-3051,yes,flow/FL-deploy.md,yes
F-3052,yes,flow/FL-deploy.md,yes
F-3053,yes,flow/FL-deploy.md,yes
F-3054,yes,flow/FL-deploy.md,yes
F-3055,yes,flow/FL-deploy.md,yes
F-3056,yes,flow/FL-deploy.md,yes
F-4001,yes,flow/FL-usagelog.md,yes
F-4002,yes,flow/FL-usagelog.md,yes
F-4003,yes,flow/FL-usagelog.md,yes
F-4004,yes,flow/FL-usagelog.md,yes
F-4005,yes,flow/FL-usagelog.md,yes
F-4006,yes,flow/FL-usagelog.md,yes
F-4007,yes,flow/FL-usagelog.md,yes
F-4008,yes,flow/FL-usagelog.md,yes
F-4009,yes,flow/FL-usagelog.md,yes
F-4010,yes,flow/FL-usagelog.md,yes
F-4011,yes,flow/FL-usagelog.md,yes
F-4012,yes,flow/FL-usagelog.md,yes
F-4013,yes,flow/FL-usagelog.md,yes
F-4014,yes,flow/FL-usagelog.md,yes
F-4015,yes,flow/FL-ops.md,yes
F-4016,yes,flow/FL-ops.md,yes
F-4017,yes,flow/FL-ops.md,yes
F-4018,yes,flow/FL-ops.md,yes
F-4019,yes,flow/FL-ops.md,yes
F-4020,yes,flow/FL-ops.md,yes
F-4021,yes,flow/FL-ops.md,yes
F-4022,yes,flow/FL-ops.md,yes
F-4023,yes,flow/FL-ops.md,yes
F-4024,yes,flow/FL-ops.md,yes
F-4025,yes,flow/FL-ops.md,yes
F-4026,yes,flow/FL-ops.md,yes
F-4027,yes,flow/FL-ops.md,yes
F-4028,yes,flow/FL-ops.md,yes
F-4029,yes,flow/FL-ops.md,yes
F-4030,yes,flow/FL-ops.md,yes
F-4031,yes,flow/FL-ops.md,yes
F-4032,yes,flow/FL-ops.md,yes
F-4033,yes,flow/FL-ops.md,yes
F-4034,yes,flow/FL-ops.md,yes
F-4035,yes,flow/FL-ops.md,yes
F-4036,yes,flow/FL-ops.md,yes
F-4037,yes,flow/FL-ops.md,yes
F-4038,yes,flow/FL-playground.md,yes
F-4039,yes,flow/FL-public.md,yes
F-4040,yes,flow/FL-public.md,yes
F-4041,yes,flow/FL-public.md,yes
F-4042,yes,flow/FL-public.md,yes
F-4043,yes,flow/FL-public.md,yes
F-4044,yes,flow/FL-public.md,yes
F-4045,yes,flow/FL-ops.md,yes
F-4046,yes,flow/FL-relay.md,yes
F-5001,no,,no
F-5002,no,,no
F-5003,no,,no
F-5004,no,,no
F-5005,no,,no
F-5006,no,,no
F-5007,no,,no
F-5008,no,,no
F-5009,no,,no
F-5010,no,,no
F-5011,no,,no
F-5012,no,,no
F-5013,no,,no
F-5014,no,,no
F-5015,no,,no
F-5016,no,,no
F-5017,no,,no
F-5018,no,,no
F-5019,no,,no
F-5020,no,,no
F-5021,no,,no
F-5030,no,,no
F-5031,no,,no
F-5032,no,,no
F-5033,no,,no
F-5034,no,,no
F-5035,no,,no
