function_id,function,module,roles,priority,trigger,core_result,data_objects,evidence,acceptance_focus,state_exception_permission_rule,source_fc
F-1001,邮箱密码注册,D1 账号与身份,匿名访客,P0,POST /api/user/register 提交用户名/密码/邮箱,创建 common 角色用户并初始化额度与 aff_code,User,"controller/user.go Register、api-router.go:69 userRoute.POST(/register, TurnstileCheck)",RegisterEnabled 关闭时返回注册被禁；成功后 user.Role=RoleCommonUser、user.Quota=QuotaForNewUser 且生成 4 位 aff_code,RegisterEnabled=false 时拒绝；用户名重复返回 MsgUserExists；过 TurnstileCheck + CriticalRateLimit,FC-001
F-1002,邮箱密码登录,D1 账号与身份,注册用户,P0,POST /api/user/login 提交凭证,校验通过后 setupLogin 建立会话,User;Session,"api-router.go:70 userRoute.POST(/login, TurnstileCheck);controller/user.go Login",凭证正确且 Status=UserStatusEnabled 才建立会话；被封禁用户登录被拒,被封禁(Status!=Enabled)拒绝登录；过 TurnstileCheck + CriticalRateLimit,FC-001
F-1003,用户登出,D1 账号与身份,登录用户,P1,GET /api/user/logout,清除会话使后续鉴权失效,Session,"api-router.go:75 userRoute.GET(/logout, controller.Logout)",调用后 session 失效，再访问 /api/user/self 返回未授权,需已登录会话；无会话调用幂等返回,FC-001
F-1004,发送注册/找回邮箱验证码,D1 账号与身份,匿名访客,P0,GET /api/verification 携带邮箱,发送一次性邮箱验证码并受频率限制,EmailVerificationCode,api-router.go:42 GET /verification(EmailVerificationRateLimit + TurnstileCheck);controller.SendEmailVerification,触发后目标邮箱收到验证码；同邮箱短时间重复请求被 EmailVerificationRateLimit 拦截,EmailVerificationEnabled=false 时不可用；EmailVerificationRateLimit 限流；过 TurnstileCheck,FC-002
F-1005,注册时邮箱验证码校验,D1 账号与身份,匿名访客,P0,注册请求携带 verification_code,校验码匹配才允许创建账号,User;EmailVerificationCode,controller/user.go Register 中 EmailVerificationEnabled 分支(user.go:224),EmailVerificationEnabled 开启时验证码错误/过期则注册失败，正确才落库,验证码与邮箱不匹配或过期则拒绝注册,FC-002
F-1006,发送重置密码邮件,D1 账号与身份,匿名访客,P0,GET /api/reset_password 携带邮箱,向已注册邮箱发送重置密码链接/令牌,PasswordResetToken,api-router.go:43 GET /reset_password(CriticalRateLimit + TurnstileCheck);controller.SendPasswordResetEmail,请求后邮箱收到重置令牌；非注册邮箱不发送有效令牌,过 TurnstileCheck + CriticalRateLimit,FC-003
F-1007,提交重置新密码,D1 账号与身份,匿名访客,P0,POST /api/user/reset 携带令牌与新密码,校验令牌后更新用户密码,User;PasswordResetToken,api-router.go:44 POST /user/reset(CriticalRateLimit);controller.ResetPassword,令牌有效时密码被更新且旧密码失效；令牌无效/过期则拒绝,令牌无效或过期拒绝；过 CriticalRateLimit,FC-003
F-1008,管理端查询/搜索用户,D1 账号与身份,管理员,P1,GET /api/user/ 或 GET /api/user/search,返回用户列表/匹配结果(分页),User,api-router.go:130 adminRoute.GET(/);api-router.go:133 adminRoute.GET(/search) controller.SearchUsers,返回分页用户列表；search 按关键字过滤命中目标用户,需 adminRoute(AdminAuth)权限,FC-004
F-1009,管理端创建用户,D1 账号与身份,管理员,P1,POST /api/user/ 提交新用户信息,直接创建一个新账号,User,api-router.go:138 adminRoute.POST(/) controller.CreateUser,创建后新用户可被 GET /api/user/:id 查到,需 AdminAuth；不能创建高于自身角色的用户,FC-004
F-1010,管理端管理用户状态(ManageUser),D1 账号与身份,管理员,P1,POST /api/user/manage,启用/禁用/提升/删除指定用户,User,api-router.go:139 adminRoute.POST(/manage) controller.ManageUser,对目标用户执行禁用后其 Status 变为禁用且无法登录,需 AdminAuth；不可对同级或更高角色越权操作,FC-004
F-1011,更新用户资料(管理端),D1 账号与身份,管理员,P2,PUT /api/user/ 提交修改字段,更新指定用户的资料/额度/分组,User,api-router.go:140 adminRoute.PUT(/) controller.UpdateUser,提交后对应字段在 GET /api/user/:id 中反映为新值,需 AdminAuth,FC-004
F-1012,用户角色分级(root/admin/common),D1 账号与身份,系统,P0,任意鉴权请求按 user.Role 判定,按角色裁定接口可访问性,User,model/user.go Role 字段;common.RoleCommonUser(oauth.go:262),common 用户访问 adminRoute 被拒；admin 不能操作 root,越权访问返回 403；角色优先级 root>admin>common,FC-005
F-1013,用户分组(group)绑定,D1 账号与身份,管理员,P1,管理端为用户设置 group 字段,用户请求按所属分组应用倍率/可用渠道,User,model/user.go:43 Group `default`;setting 可用分组,修改 group 后该用户的分组倍率与可用渠道随之改变,group 必须属于系统可用分组集合,FC-006
F-1014,用户备注与个人设置,D1 账号与身份,管理员;本人,P2,管理端写 Remark / 本人 PUT /api/user/self/setting,保存 admin 备注与用户偏好,User;UserSetting,controller/user.go GetSelf(user.go:442 Remark 置空);api-router.go:109 selfRoute.PUT(/setting),普通用户 GetSelf 返回中 Remark 被置空隐藏；本人设置可保存并回读,admin 备注仅管理端可见，对普通用户隐藏,FC-007
F-1015,生成 OAuth state(CSRF)并暂存 aff,D1 账号与身份,匿名访客,P0,GET /api/oauth/state（可带 aff）,生成随机 state 写入会话并暂存邀请码,Session,controller/oauth.go GenerateOAuthCode;api-router.go:46 GET /oauth/state,回调时 state 不匹配返回 403 MsgOAuthStateInvalid；带 aff 参数时存入 session,state 缺失/不匹配拒绝回调；过 CriticalRateLimit,FC-008
F-1016,GitHub OAuth 登录/注册,D1 账号与身份,匿名访客,P1,GET /api/oauth/github 回调,换取 GitHub 用户信息后登录或创建用户,User;UserOAuthBinding,controller/oauth.go HandleOAuth(github_id);api-router.go:54 GET /oauth/:provider,首次回调创建 github_id 绑定的用户，再次回调直接登录同一账号,provider 未启用拒绝；RegisterEnabled=false 时不创建新用户,FC-008
F-1017,GitHub legacy_id 迁移,D1 账号与身份,系统,P2,GitHub 回调命中 legacy_id 用户,将旧 login 标识迁移到数字 ID,User,controller/oauth.go findOrCreateOAuthUser(oauth.go:216 UpdateGitHubId),旧 legacy_id 用户回调后 github_id 被更新为新数字 ID 且仍登录原账号,迁移失败时仍允许登录(容错),FC-008
F-1018,Discord OAuth 登录/绑定,D1 账号与身份,匿名访客;登录用户,P2,GET /api/oauth/discord 回调,登录创建或绑定 discord_id,User;UserOAuthBinding,controller/oauth.go(discord_id 更新 oauth.go:311);setting/system_setting/discord.go,已登录会话回调走 handleOAuthBind 绑定 discord_id；discord_id 已被占用返回 MsgOAuthAlreadyBound,已绑定该 discord 账号时拒绝重复绑定,FC-009
F-1019,OIDC 通用 OAuth 登录/绑定,D1 账号与身份,匿名访客;登录用户,P2,GET /api/oauth/oidc 回调,经 OIDC discovery 完成登录或绑定 oidc_id,User,controller/oauth.go(oidc_id oauth.go:312);system_setting/oidc.go,配置 OIDC discovery 后可完成授权码换取并登录，oidc_id 写入用户,provider 未启用拒绝,FC-010
F-1020,LinuxDO OAuth 登录/绑定,D1 账号与身份,匿名访客;登录用户,P2,GET /api/oauth/linuxdo 回调,登录或绑定 linux_do_id（含信任级校验）,User,controller/oauth.go(linux_do_id oauth.go:313);model/user.go:50 LinuxDOId;TrustLevelError,信任级不足时返回 MsgOAuthTrustLevelLow，达标才登录,信任级低于阈值拒绝登录,FC-011
F-1021,WeChat 扫码授权,D1 账号与身份,匿名访客,P2,GET /api/oauth/wechat,发起微信授权获取 wechat_id,WeChatAuthState,api-router.go:49 GET /oauth/wechat controller.WeChatAuth;controller/wechat.go,发起后返回可用于完成绑定/登录的授权态,过 CriticalRateLimit,FC-012
F-1022,WeChat 绑定/登录,D1 账号与身份,匿名访客;登录用户,P2,POST /api/oauth/wechat/bind,用微信授权码完成绑定或登录,User,api-router.go:50 POST /oauth/wechat/bind controller.WeChatBind,已登录时绑定 wechat_id；未登录且 wechat_id 存在则登录对应用户,微信功能未配置时不可用；过 CriticalRateLimit,FC-012
F-1023,获取自定义 OAuth discovery,D1 账号与身份,root,P2,POST /api/custom-oauth-provider/discovery,拉取目标 issuer 的端点配置,CustomOAuthProvider,api-router.go:205 customOAuthRoute.POST(/discovery) controller.FetchCustomOAuthDiscovery,输入 issuer 后返回 authorization/token/userinfo 端点,需 root 权限,FC-013
F-1024,自定义 OAuth provider CRUD,D1 账号与身份,root,P2,GET/POST/PUT/DELETE /api/custom-oauth-provider,管理自定义 OAuth 提供商配置,CustomOAuthProvider,api-router.go:206-210 customOAuthRoute CRUD;model/custom_oauth_provider.go,创建后出现在列表；删除后对应 provider 登录入口失效,需 root 权限,FC-013
F-1025,自定义 provider 登录与绑定写入,D1 账号与身份,匿名访客;登录用户,P2,GET /api/oauth/:provider(自定义),经 GenericOAuthProvider 登录并写 user_oauth_bindings,User;UserOAuthBinding,controller/oauth.go(GenericOAuthProvider 分支 oauth.go:273/282),自定义 provider 首次登录在 user_oauth_bindings 建一条绑定记录,registration 关闭时不创建新用户,FC-014
F-1026,解绑自定义 OAuth(本人),D1 账号与身份,登录用户,P2,DELETE /api/user/self/oauth/bindings/:provider_id,删除本人对应 provider 绑定,UserOAuthBinding,api-router.go:124 selfRoute.DELETE(/oauth/bindings/:provider_id) controller.UnbindCustomOAuth,解绑后该 provider 不再能登录到此账号,仅能解绑本人绑定,FC-014
F-1027,管理端查询/解绑用户 OAuth 绑定,D1 账号与身份,管理员,P2,GET/DELETE /api/user/:id/oauth/bindings,查看或移除指定用户的 OAuth 绑定,UserOAuthBinding,api-router.go:134 GET /:id/oauth/bindings;api-router.go:135 DELETE /:id/oauth/bindings/:provider_id,查询返回该用户全部绑定；解绑后绑定记录消失,需 AdminAuth,FC-014
F-1028,Passkey 注册(begin/finish),D1 账号与身份,登录用户,P2,POST /api/user/self/passkey/register/begin|finish,完成 WebAuthn 凭据注册,Passkey,api-router.go:90-91 selfRoute passkey/register/begin|finish;controller/passkey.go,finish 成功后 GET /passkey 状态显示已注册凭据,需登录会话,FC-015
F-1029,Passkey 登录(begin/finish),D1 账号与身份,匿名访客,P2,POST /api/user/passkey/login/begin|finish,无密码 WebAuthn 登录,Passkey;Session,api-router.go:72-73 userRoute passkey/login/begin|finish(CriticalRateLimit),已注册 passkey 用户 finish 校验通过即建立会话,过 CriticalRateLimit;凭据校验失败拒绝,FC-015
F-1030,Passkey 二次验证(verify),D1 账号与身份,登录用户,P2,POST /api/user/self/passkey/verify/begin|finish,用 passkey 完成敏感动作二次校验,Passkey,api-router.go:92-93 selfRoute passkey/verify/begin|finish,verify finish 通过后放行受保护的敏感动作,需登录会话,FC-015
F-1031,Passkey 删除/查询状态,D1 账号与身份,登录用户,P2,GET/DELETE /api/user/self/passkey,查询或删除本人 passkey 凭据,Passkey,api-router.go:89 selfRoute.GET(/passkey);api-router.go:94 DELETE /passkey controller.PasskeyDelete,删除后状态接口显示无凭据，passkey 登录失效,仅操作本人凭据,FC-015
F-1032,管理端重置用户 Passkey,D1 账号与身份,管理员,P2,DELETE /api/user/:id/reset_passkey,清除指定用户全部 passkey,Passkey,api-router.go:142 adminRoute.DELETE(/:id/reset_passkey) controller.AdminResetPasskey,执行后目标用户所有 passkey 凭据被清除,需 AdminAuth,FC-015
F-1033,2FA 启用流程(setup→enable),D1 账号与身份,登录用户,P2,POST /api/user/self/2fa/setup 再 /enable,绑定 TOTP 并开启双因子,TwoFA,api-router.go:113-114 selfRoute 2fa/setup|enable;controller/twofa.go,setup 返回密钥，enable 校验首个 TOTP 通过后 2FA 状态变为开启,需登录；enable 时 TOTP 错误拒绝开启,FC-016
F-1034,2FA 关闭,D1 账号与身份,登录用户,P2,POST /api/user/self/2fa/disable,验证后关闭双因子,TwoFA,api-router.go:115 selfRoute.POST(/2fa/disable) controller.Disable2FA,校验通过后 2FA 状态关闭，登录不再要求 TOTP,关闭需通过验证(密码/TOTP),FC-016
F-1035,2FA 备份码生成,D1 账号与身份,登录用户,P2,POST /api/user/self/2fa/backup_codes,生成/重置一次性备份码,TwoFA,api-router.go:116 selfRoute.POST(/2fa/backup_codes) controller.RegenerateBackupCodes,调用后返回新备份码集合且旧备份码失效,需已启用 2FA,FC-016
F-1036,2FA 登录校验,D1 账号与身份,匿名访客,P0,POST /api/user/login/2fa,密码登录后用 TOTP/备份码完成第二步,TwoFA;Session,api-router.go:71 userRoute.POST(/login/2fa) controller.Verify2FALogin,已开 2FA 的账号需 TOTP 正确才建立会话；错误码拒绝,TOTP/备份码错误拒绝；过 CriticalRateLimit,FC-016
F-1037,管理端 2FA 统计与禁用,D1 账号与身份,管理员,P2,GET /api/user/2fa/stats;DELETE /api/user/:id/2fa,查看 2FA 启用统计或为用户强制关闭,TwoFA,api-router.go:145 adminRoute.GET(/2fa/stats);api-router.go:146 DELETE /:id/2fa controller.AdminDisable2FA,stats 返回启用人数统计；对用户禁用后其 2FA 关闭,需 AdminAuth,FC-016
F-1038,通用敏感动作二次验证,D1 账号与身份,登录用户,P1,POST /api/verify,SecureVerificationRequired 保护下校验身份,SecureVerification,api-router.go:65 POST /verify(UserAuth + CriticalRateLimit) controller.UniversalVerify;controller/secure_verification.go,验证通过后放行受 SecureVerificationRequired 保护的动作；未验证则该动作被拦截,需登录(UserAuth)；过 CriticalRateLimit,FC-017
F-1039,获取个人邀请码,D3 邀请返利分销,登录用户,P0,GET /api/user/self/aff,返回本人 aff_code（无则生成唯一 4 位码）,User,controller/user.go GetAffCode(user.go:408-430);api-router.go:95 selfRoute.GET(/aff),AffCode 为空时生成 4 位随机码并落库；返回 data 为该 aff_code,aff_code 唯一索引(model/user.go:44);需登录,FC-024
F-1040,邮箱注册邀请码归因,D3 邀请返利分销,匿名访客,P0,注册请求携带 aff_code,解析 inviterId 并记录 InviterId,User,controller/user.go Register(user.go:215-221 GetUserIdByAffCode→InviterId),注册时带有效 aff_code 则新用户 inviter_id 写为邀请人 ID；无效码 inviter_id=0,空/无效 aff_code 时 inviterId=0,FC-025
F-1041,OAuth 注册邀请码归因,D3 邀请返利分销,匿名访客,P1,OAuth state 携带 aff 后回调注册,从 session 取 aff 解析 inviterId,User;Session,controller/oauth.go findOrCreateOAuthUser(oauth.go:266-269 session.Get(aff)),OAuth 链路 /oauth/state?aff=xxx 后新用户 inviter_id 记为邀请人,仅 session 中存在 aff 时归因,FC-025
F-1042,邀请人奖励发放,D3 邀请返利分销,系统,P0,新用户创建完成回调,邀请人 AffCount++ 且 AffQuota/AffHistoryQuota += QuotaForInviter,User,model/user.go:344-347 AffCount++/AffQuota+=QuotaForInviter/AffHistoryQuota+=,被邀请人注册后邀请人 aff_count 加 1 且 aff_quota 增加 QuotaForInviter,仅当 inviterId 有效时发放,FC-026
F-1043,新用户邀请奖励,D3 邀请返利分销,系统,P1,经邀请创建的新用户初始化,新用户初始额度叠加 QuotaForNewUser,User,model/user.go:395 user.Quota=common.QuotaForNewUser;common.QuotaForNewUser,经邀请注册的新用户初始 quota 包含 QuotaForNewUser,无邀请时按默认初始额度,FC-027
F-1044,邀请额度划转为可用额度,D3 邀请返利分销,登录用户,P0,POST /api/user/self/aff_transfer 提交 quota,从 AffQuota 扣减并增加可用 Quota,User,controller/user.go TransferAffQuota(user.go:384-406);model TransferAffQuotaToQuota(user.go:350-376);api-router.go:108,划转 quota>=QuotaPerUnit 且 AffQuota 充足才成功：aff_quota-=quota、quota+=quota,quota<QuotaPerUnit 报最小额度错；AffQuota 不足报邀请额度不足；需通过 payment_compliance,FC-028
F-1045,邀请统计展示,D3 邀请返利分销,登录用户,P1,GET /api/user/self 查看个人信息,返回 AffCount/AffQuota/AffHistoryQuota,User,model/user.go:45-47 aff_count/aff_quota/aff_history 字段,个人信息接口返回累计邀请人数与可划转/历史邀请额度三项,需登录,FC-029
F-1046,每日签到领取随机额度,D2 签到,登录用户,P0,POST /api/user/checkin,当日首次签到发放 MinQuota..MaxQuota 随机额度,Checkin;User,controller/checkin.go DoCheckin;model/checkin.go UserCheckin(checkin.go:70-74 rand);api-router.go:120,"签到成功返回 quota_awarded∈[MinQuota,MaxQuota] 且用户 quota 同步增加",签到功能未启用返回未启用错误；过 TurnstileCheck;需登录,FC-019
F-1047,签到状态与本月记录查询,D2 签到,登录用户,P1,GET /api/user/checkin（可带 month）,返回本月签到记录与累计统计,Checkin,controller/checkin.go GetCheckinStatus;model/checkin.go GetUserCheckinStats(checkin.go:143-178);api-router.go:119,返回 total_quota/total_checkins/checkin_count/checked_in_today 及本月记录,功能未启用返回未启用错误；返回记录不含 id/user_id 敏感字段,FC-020
F-1048,签到防重复(唯一约束+事务),D2 签到,系统,P0,同一用户当日重复签到,"靠 (user_id,checkin_date) 唯一索引与事务拦截重复",Checkin,model/checkin.go HasCheckedInToday(checkin.go:42-50);唯一索引 idx_user_checkin_date(checkin.go:16-17);事务(checkin.go:95-122),当日已签到再签返回今日已签到；并发重复签到被唯一约束拦截,MySQL/PG 走事务、SQLite 走顺序+回滚保证额度与记录原子,FC-021
F-1049,签到开关与额度区间配置,D2 签到,管理员,P1,管理端配置 checkin_setting,设置 Enabled 与 MinQuota/MaxQuota,CheckinSetting,setting/operation_setting/checkin_setting.go(默认 Enabled=false/Min=1000/Max=10000),关闭 Enabled 后签到接口返回未启用；调整 Min/Max 后奖励区间随之变化,需管理端权限；默认关闭,FC-022
F-1050,签到人机校验,D2 签到,登录用户,P1,POST /api/user/checkin 前置中间件,TurnstileCheck 通过后才执行签到,-,"api-router.go:120 selfRoute.POST(/checkin, middleware.TurnstileCheck(), controller.DoCheckin)",开启 Turnstile 时未通过校验请求被拦截，不进入签到逻辑,Turnstile 校验失败拒绝签到,FC-023
F-1051,Telegram 登录(HMAC 校验),D4 Telegram登录Bot,匿名访客,P1,GET /api/oauth/telegram/login 携带 Widget 参数,校验 HMAC 后按 telegram_id 登录,User;Session,controller/telegram.go TelegramLogin(telegram.go:72-99);checkTelegramAuthorization HMAC(telegram.go:101-124);api-router.go:51,"hash 与 HMAC-SHA256(token,sorted params) 一致才登录对应 telegram_id 用户",TelegramOAuthEnabled=false 返回未开启；hash 不匹配返回无效请求；过 CriticalRateLimit,FC-018
F-1052,Telegram 绑定到现有账号,D4 Telegram登录Bot,登录用户,P1,GET /api/oauth/telegram/bind 携带 Widget 参数,校验 HMAC 后将 telegram_id 写入当前用户,User,controller/telegram.go TelegramBind(telegram.go:18-70);api-router.go:52,绑定成功写入 user.TelegramId 并 302 跳转 /console/personal,该 telegram 账户已被绑定返回已被绑定；用户已注销返回错误；需登录会话,FC-018
F-1053,Telegram Login Widget HMAC 防伪,D4 Telegram登录Bot,系统,P0,登录/绑定回调进入 checkTelegramAuthorization,用 BotToken 派生密钥校验参数 hash,-,controller/telegram.go checkTelegramAuthorization(telegram.go:101-124 sha256→hmac),篡改任一参数导致重算 hash 不等于传入 hash 时返回 false 拒绝,密钥=SHA256(BotToken)，HMAC 输入为按字典序拼接的非 hash 参数,FC-018
F-1054,Telegram 绑定唯一性校验,D4 Telegram登录Bot,系统,P1,TelegramBind 校验 telegram_id 是否已占用,防止同一 telegram_id 被多账号绑定,User,controller/telegram.go IsTelegramIdAlreadyTaken(telegram.go:35-41),目标 telegram_id 已被其他账号绑定时返回该 Telegram 账户已被绑定，阻止绑定,telegram_id 唯一，重复绑定被拒,FC-018
F-2001,通用异步任务记录写入与状态机流转,异步任务中心,system,P0,relay 任务提交成功创建任务记录,任务以 NOT_START 落库，随轮询/回调推进至 SUBMITTED/QUEUED/IN_PROGRESS/SUCCESS 或 FAILURE,Task(TaskID/Platform/Status/Progress/SubmitTime/FinishTime/FailReason/Quota),model/task.go:34-66 TaskStatus 常量集与 Task struct；InitTask 初始 Status=TaskStatusNotStart、Progress=0%,"提交后查库存在 status=NOT_START 的 Task 行，progress=""0%""；模拟回调推进后 status 依次合法变更",状态机仅允许 NOT_START→SUBMITTED→QUEUED→IN_PROGRESS→SUCCESS/FAILURE/UNKNOWN；终态(SUCCESS/FAILURE)不可再被普通 bulk update 覆盖,FC-030
F-2002,任务状态 CAS 条件更新(防并发覆盖),异步任务中心,system,P0,轮询/回调写入任务新状态,以 fromStatus 为 WHERE 守卫做条件 UPDATE，赢得更新返回 true，已被他进程改写返回 false,Task.Status,model/task.go:411-417 UpdateWithStatus 用 Model().Select(*).Updates() 加 status=? 守卫，避免 Save 退化为 INSERT ON CONFLICT 绕过 CAS,两并发协程对同一 fromStatus 调用 UpdateWithStatus，仅一个返回 RowsAffected>0=true，另一个返回 false,计费生命周期(超时/成功/失败触发退款结算)必须用 UpdateWithStatus，禁止用无 CAS 守卫的 TaskBulkUpdateByID(注释明确警告),FC-030
F-2003,用户任务列表分页与多条件过滤查询,异步任务中心,user,P0,用户访问 GET /api/task/self,按 user_id 强制隔离返回本人任务，支持 task_id/action/status/platform/时间区间过滤、按 id desc 分页,"Task,SyncTaskQueryParams",model/task.go:211-245 TaskGetAllUserTask 强制 Where(user_id=?) 并 Omit(channel_id)，Order(id desc).Limit.Offset,以 userA 令牌查询只返回 userA 的 Task；channel_id 字段不出现在返回中；status=SUCCESS 过滤只返回成功任务,"返回结果按 user_id 隔离且 Omit(channel_id) 不泄露渠道；PrivateData(含 key) 永不序列化给用户(json:""-"")",FC-031
F-2004,管理端全量任务列表查询,异步任务中心,admin,P1,管理员访问 GET /api/task,跨用户返回全量任务，支持 channel_id/user_id/user_ids/platform/action/status/时间区间过滤与分页,"Task,SyncTaskQueryParams",model/task.go:247-290 TaskGetAllTasks 无 user_id 限制，支持 channel_id 与 user_id in(?) 过滤,管理员查询可返回多用户任务并按 channel_id 过滤命中；普通用户调用 /api/task 被 AdminAuth 拒绝,该列表含 channel_id，仅 AdminAuth 角色可访问；TaskCountAllTasks 提供同条件总数用于分页,FC-032
F-2005,Midjourney 绘图任务提交(imagine/change/blend/describe/modal/shorten/action/edits/video),异步任务中心,user,P0,用户调用 /mj/submit/:action,按 action 类型构造 MJ 任务，记录 Action/Prompt 并进入任务状态机轮询,Midjourney(Action/MjId/Prompt/Status/Progress/Buttons/ImageUrl/VideoUrl),REPO-INSPECTION D5 relay 提交侧 /mj/submit/* 列举 imagine/change/blend/describe/modal/shorten/video/edits；model/midjourney.go MJ 任务表,提交 imagine 返回 task_id 且 MJ 表新增 Action=IMAGINE 行；不支持 action 返回参数错误,MJ 渠道类型不支持连通性测试(channel-test.go:80-92 unsupportedTestChannelTypes 含 Midjourney/MidjourneyPlus)；mjproxy 拉不到账号实例且 AutoBan 开启时禁用渠道(mjproxy_handler.go:589),FC-033
F-2006,MJ 任务按 ID 拉取与按条件列表查询,异步任务中心,user,P1,调用 /mj/task/:id/fetch 或 /mj/task/list-by-condition,按 task_id 拉取单任务进度产物，或按条件批量拉取任务集合,"Midjourney,Task",REPO-INSPECTION D5 路由 /mj/task/:id/fetch、/mj/task/list-by-condition；model/task.go:317-358 GetByOnlyTaskId/GetByTaskId/GetByTaskIds,fetch 已存在任务返回 progress 与 imageUrl；list-by-condition 传 id 集合返回对应任务数组,GetByTaskId 以 user_id+task_id 双条件查询保证用户只能拉本人任务；GetByOnlyTaskId 仅内部回调使用,FC-034
F-2007,Suno 音乐/歌词任务提交与查询(MUSIC/LYRICS),异步任务中心,user,P0,调用 /suno/submit/:action 与 /suno/fetch,按 SunoAction(MUSIC/LYRICS)提交音乐/歌词生成任务并支持 fetch、fetch/:id 拉取,"Task(Platform=suno),constant.SunoAction",constant/task.go:6-23 TaskPlatformSuno、SunoActionMusic/Lyrics、SunoModel2Action(suno_music/suno_lyrics)；REPO-INSPECTION D5 /suno/submit/:action /suno/fetch /suno/fetch/:id,提交 suno_music 模型生成 Platform=suno、action=MUSIC 任务；fetch/:id 返回该任务状态,action 取值受 SunoModel2Action 约束(仅 MUSIC/LYRICS)；Suno 渠道类型在 channel-test.go unsupportedTestChannelTypes 中不可连通性测试,FC-035
F-2008,视频生成任务提交(Sora/Kling/Vidu/Hailuo/Jimeng/Doubao/Vertex/Gemini),异步任务中心,user,P0,调用视频生成端点(controller/task_video.go),按 provider adapter 提交视频任务，记录 PrivateData.ResultURL 并映射 TaskStatus→VideoStatus,"Task,TaskPrivateData(ResultURL),TaskBillingContext","model/task.go:17-31 ToVideoStatus 映射 Queued/InProgress/Completed/Failed/Unknown；REPO-INSPECTION D5 relay/channel/task/{kling,sora,vidu,hailuo,jimeng,doubao,vertex,gemini}",提交视频任务返回 task_id 且状态查询返回 video status=queued；任务成功后 GetResultURL 返回视频地址,Gemini/VertexAi 渠道在 InitTask 时把 ApiKey 写入 PrivateData.Key(task.go:176-179)，该字段禁止返回用户；Kling/Jimeng/Doubao/Vidu 渠道不支持连通性测试,FC-036
F-2009,任务异步退款与差额结算(计费上下文重算),异步任务中心,system,P0,任务轮询到终态或超时,读取 PrivateData.BillingContext 重算实际额度，按 BillingSource(wallet/subscription)对 token 或订阅做退款/差额结算,"TaskBillingContext(ModelPrice/GroupRatio/ModelRatio/OtherRatios/PerCallBilling),TaskPrivateData(BillingSource/SubscriptionId/TokenId)","model/task.go:103-118 TaskBillingContext 注释""用于轮询阶段重新计算额度""、PerCallBilling""按次计费跳过差额结算""；Group 字段注释""修正计费用""(task.go:51)",按次计费(PerCallBilling=true)任务终态不触发差额结算；按量任务失败时按 BillingSource 退回预扣额度,退款/结算必须经 UpdateWithStatus 的 CAS 守卫执行(task.go:411-434 警告 billing/quota 生命周期禁用无守卫 bulk update)；BillingSource=subscription 走订阅退款、wallet 走令牌额度退款,FC-037
F-2010,任务结果产物展示(ImageUrl/VideoUrl/Buttons),异步任务中心,user,P1,用户查询已完成任务,返回任务产物地址(图片/视频)与可交互按钮，旧数据 ResultURL 回退到 FailReason,"Midjourney(ImageUrl/VideoUrl/Buttons),Task(GetResultURL)",model/task.go:129-136 GetResultURL 优先 PrivateData.ResultURL 否则回退 FailReason(历史兼容)；REPO-INSPECTION D5 model/midjourney.go ImageUrl/VideoUrl/Buttons,成功任务返回非空 result_url；新数据从 PrivateData.ResultURL 取、旧数据从 FailReason 取均能展示,仅 SUCCESS 状态任务展示产物；ResultURL 来自 PrivateData(不直接暴露 key 等敏感字段),FC-038
F-2011,扫描超时未完成任务,异步任务中心,system,P1,后台定时任务按 cutoff 扫描,拉取 progress!=100% 且非终态、submit_time 早于 cutoff 的任务批量做超时处理,Task,"model/task.go:292-304 GetTimedOutUnfinishedTasks 条件 progress!=100% AND status NOT IN(FAILURE,SUCCESS) AND submit_time<cutoff",构造一条 submit_time 远早于 cutoff 的 IN_PROGRESS 任务，扫描命中并可被标记超时,超时标记触发退款时必须走 UpdateWithStatus(CAS)，避免覆盖已自然完成的任务状态,FC-030
F-2012,预填分组创建(model/tag/endpoint 三类型),预填分组,admin,P1,管理员 POST /api/prefill_group,校验 name+type 非空且名称不重复后创建预填分组，Items 以 JSON 数组存储,PrefillGroup(Name/Type/Items),"controller/prefill_group.go:24-48 CreatePrefillGroup 校验 Name/Type 非空、IsPrefillGroupNameDuplicated(0,name) 重复检查","空 name 或空 type 返回""组名称和类型不能为空""；同名再次创建返回""组名称已存在""",Name 全局唯一(创建查重 id=0)；仅 AdminAuth 角色可访问 /api/prefill_group(REPO-INSPECTION D6)；Type 取 model/tag/endpoint,FC-039
F-2013,预填分组更新与名称冲突校验,预填分组,admin,P2,管理员 PUT /api/prefill_group,校验存在 id 且新名称不与他组冲突后更新分组内容,PrefillGroup(Id/Name/Items),"controller/prefill_group.go:51-75 UpdatePrefillGroup 校验 Id!=0、IsPrefillGroupNameDuplicated(g.Id,name) 排除自身查重","缺 id 返回""缺少组 ID""；改名为他组已有名称返回""组名称已存在""；改回原名(排除自身)可成功",查重排除自身 id；仅 AdminAuth 可调用,FC-039
F-2014,预填分组下拉填充渠道/令牌配置,预填分组,admin,P2,前端配置渠道/令牌时按 type 拉取分组,GET /api/prefill_group?type=xxx 按类型返回分组列表供前端下拉一键填充,PrefillGroup,controller/prefill_group.go:13-20 GetPrefillGroups 按 c.Query(type) 过滤 GetAllPrefillGroups；REPO-INSPECTION D6 用于前端下拉快速填充减少重复输入,传 type=model 仅返回 model 类型分组；选中分组后前端能用其 Items 填充模型多选框,按 type 过滤返回；AdminAuth 限定,FC-040
F-2015,预填分组软删除,预填分组,admin,P2,管理员 DELETE /api/prefill_group/:id,按 id 软删除分组，保留历史不物理移除,PrefillGroup,controller/prefill_group.go:78-90 DeletePrefillGroup 调 DeletePrefillGroupByID；REPO-INSPECTION D6 PrefillGroup 软删除,删除后 GetPrefillGroups 不再返回该组；非数字 id 返回参数错误,软删除(非物理删除)；仅 AdminAuth 可删,FC-041
F-2016,渠道 CRUD/搜索/批量操作,渠道管理与上游路由,admin,P0,管理员管理渠道,创建/编辑/删除/搜索渠道及批量操作，渠道含 Type/Key/Models/Group/Priority/Weight 等核心配置,Channel(Type/Key/Weight/Priority/Group/Models/Status),model/channel.go:29-52 Channel struct(Status/Name/Weight/Priority/AutoBan/Tag/Setting...)；REPO-INSPECTION D7 controller/channel.go CRUD/搜索/批量,创建渠道后可按 name 搜索命中；批量删除指定 id 集合后查库不存在,渠道默认 Status=1(启用)；仅管理员可 CRUD；Key 等敏感字段受权限保护,FC-042
F-2017,渠道连通性测试(单/全量),渠道管理与上游路由,admin,P1,管理员触发 channel test,用 TestModel 或首个 model 发测试请求，记录 TestTime 与响应耗时，部分异步渠道类型不支持,Channel(TestModel/TestTime),controller/channel-test.go:77-121 testChannel 选择 testModel、normalizeChannelTestEndpoint 决定 path；:79-93 unsupportedTestChannelTypes 列表,"对 OpenAI 渠道 test 返回耗时与成功；对 Midjourney/Suno/Kling/Jimeng/DoubaoVideo/Vidu 渠道返回""channel test is not supported""",MJ/Suno/Kling/Jimeng/DoubaoVideo/Vidu 七类异步渠道明确不支持连通性测试(channel-test.go:80-92)；Codex 渠道默认走 OpenAIResponse 端点,FC-043
F-2018,渠道上游余额查询与更新,渠道管理与上游路由,admin,P2,管理员触发余额更新(单/全量),查询上游渠道余额并更新本地记录,Channel,controller/channel-billing.go:424 UpdateChannelBalance(按 id)、:484 UpdateAllChannelsBalance 调 updateAllChannelsBalance(),单渠道更新后返回该渠道最新 balance；全量更新批量刷新各渠道余额,全量更新当前为同步实现(代码注释 TODO: make it async)；仅管理员可触发,FC-044
F-2019,按 tag 批量启用/禁用渠道,渠道管理与上游路由,admin,P1,管理员对某 tag 执行启停,按 tag 批量将渠道状态置为启用或手动禁用,Channel(Tag/Status),model/channel.go:781-793 EnableChannelByTag 置 ChannelStatusEnabled、DisableChannelByTag 置 ChannelStatusManuallyDisabled,对 tag=X 执行禁用后该 tag 下所有渠道 status=手动禁用；启用后恢复 status=启用,按 tag 禁用写 ChannelStatusManuallyDisabled(手动禁用，区别于自动禁用)；仅管理员可操作,FC-045
F-2020,渠道多 Key 模式管理(轮询/随机选 Key),渠道管理与上游路由,admin,P1,多 Key 渠道被选中发起请求,按 MultiKeyMode(随机/轮询)从启用 Key 中选一个，轮询模式用渠道级锁推进 PollingIndex 并跳过禁用 Key,Channel(IsMultiKey/MultiKeySize/MultiKeyStatusList/MultiKeyDisabledReason/MultiKeyPollingIndex/MultiKeyMode),model/channel.go:63-69 多 Key 字段；:242-266 MultiKeyModeRandom 随机选启用 Key、MultiKeyModePolling 加锁从 PollingIndex 找下一启用 Key,随机模式连续选 Key 命中不同启用索引；轮询模式按序推进 PollingIndex 并跳过 status!=启用 的 Key,禁用 Key 记录于 MultiKeyDisabledReason/MultiKeyDisabledTime，selectKey 跳过；轮询索引越界(start<0||>=len)时回绕；MemoryCache 关闭时需持久化 PollingIndex,FC-046
F-2021,模型映射/重定向,渠道管理与上游路由,admin,P1,请求模型经渠道转发前,按 ModelMapping 将请求模型名重定向为上游真实模型名,Channel(ModelMapping),model/channel.go:42 ModelMapping *string type:text；REPO-INSPECTION D7 模型映射/重定向,配置 gpt-4o→上游别名后，以 gpt-4o 请求实际发往映射后的模型,ModelMapping 为 JSON 文本，空则不重定向；仅管理员可配置,FC-047
F-2022,状态码映射,渠道管理与上游路由,admin,P2,上游返回非预期状态码,按 StatusCodeMapping 将上游状态码改写为对外状态码,Channel(StatusCodeMapping),model/channel.go:44 StatusCodeMapping *string varchar(1024)；REPO-INSPECTION D7 状态码映射,配置 524→500 后上游返回 524 时对外返回 500,StatusCodeMapping 长度上限 1024 字符；为空则透传原状态码,FC-048
F-2023,渠道自动禁用(AutoBan)与触发条件,渠道管理与上游路由,system,P0,relay 调用渠道返回错误,满足自动禁用条件时将渠道置为自动禁用状态并通知 root 用户,"Channel(AutoBan/Status),types.ChannelError",model/channel.go:338-342 GetAutoBan(AutoBan==1)；service/channel.go:19-34 DisableChannel(AutoBan 才禁用，置 ChannelStatusAutoDisabled 并 NotifyRootUser)；:45-65 ShouldDisableChannel,渠道 AutoBan=1 且命中 channel error/禁用状态码/禁用关键词时渠道被置自动禁用并通知 root；AutoBan=0 时跳过禁用,禁用条件：全局 AutomaticDisableChannelEnabled 开启 且(IsChannelError 或 状态码命中 ShouldDisableByStatusCode 或 错误信息命中 AutomaticDisableKeywords)；SkipRetryError 不禁用；置 ChannelStatusAutoDisabled,FC-049
F-2024,渠道自动恢复(AutoEnable)条件,渠道管理与上游路由,system,P1,被自动禁用渠道后续请求成功,满足条件时将自动禁用渠道恢复启用并通知 root,Channel(Status),service/channel.go:67-78 ShouldEnableChannel(AutomaticEnableChannelEnabled 且 无错误 且 status==ChannelStatusAutoDisabled 才恢复)；:36-43 EnableChannel,自动禁用渠道在请求成功且开关开启时被恢复为启用并通知 root,仅恢复 status==ChannelStatusAutoDisabled 的渠道(手动禁用不自动恢复)；需 AutomaticEnableChannelEnabled 开启 且本次无错误,FC-050
F-2025,参数/请求头覆写(ParamOverride/HeaderOverride),渠道管理与上游路由,admin,P2,渠道转发上游请求前,按 ParamOverride 覆写请求体参数、按 HeaderOverride 覆写请求头,Channel(ParamOverride/HeaderOverride),model/channel.go:50-51 ParamOverride/HeaderOverride *string type:text；REPO-INSPECTION D7 参数/请求头覆写,配置 ParamOverride 设 temperature=0 后转发请求体被覆写；HeaderOverride 注入自定义 header,均为 JSON 文本配置，空则不覆写；亲和缓存规则也可用 pass_headers 模板透传(见 F-2034)；仅管理员可配置,FC-050
F-2026,上游模型探测与同步(fetch_models / detect & apply),渠道管理与上游路由,admin,P2,管理员对渠道执行模型探测,探测上游支持的模型列表并预览/应用到渠道 Models,Channel(Models),REPO-INSPECTION D7 controller/channel_upstream_update.go upstream detect & apply、fetch_models,对渠道执行 fetch_models 返回上游模型列表；apply 后渠道 Models 更新为探测结果,探测为预览-应用两步，仅管理员可执行；应用前不改动 Models,FC-051
F-2027,Ollama 模型管理(pull/delete/version),渠道管理与上游路由,admin,P3,管理员管理 Ollama 渠道模型,对 Ollama 渠道执行模型拉取/删除/查版本,Channel,REPO-INSPECTION D7 controller/channel.go Ollama 模型 pull/delete/version,对 Ollama 渠道 pull 指定模型后该模型可用；delete 后不可用,仅 Ollama 类型渠道适用；仅管理员可操作,FC-052
F-2028,优先级+权重随机路由选渠道,渠道管理与上游路由,system,P0,relay 为请求选择满足渠道,在满足(分组+模型)的渠道中按 Priority 分层、同层按 Weight 加权随机选一个渠道,"Channel(Priority/Weight),Ability","service/channel_select.go:155-159 非 auto 分组调 model.GetRandomSatisfiedChannel(group,model,retry)；REPO-INSPECTION D7 GetRandomSatisfiedChannel 优先级+权重随机；model/channel.go:31/45 Weight/Priority",同分组同模型多渠道，按 priorityRetry 递增逐层选择，最高优先级层内权重越大被选概率越高,按 retry 次数对应优先级层级(priorityRetry)逐层降级；无满足渠道时返回 nil/err；Weight 默认 0、Priority 默认 0,FC-053
F-2029,会话亲和键提取与渠道粘连,亲和缓存,system,P0,请求命中亲和规则,按规则的 model_regex/path_regex/key_sources 提取会话键，命中缓存则复用上次成功渠道,"ChannelAffinityRule(ModelRegex/PathRegex/KeySources),ChannelSatisfy",setting/operation_setting/channel_affinity_setting.go:5-37 规则结构；:84-113 内置 codex(gpt-* + /v1/responses + gjson prompt_cache_key) 与 claude(claude-* + /v1/messages + gjson metadata.user_id) 规则,以同一 prompt_cache_key 连续发 gpt 请求，首次选定渠道后续命中复用同一渠道,会话键提取支持 gjson/request_header/context_int/context_string 四种 source；可叠加 IncludeUsingGroup/IncludeModelName/IncludeRuleName 进入缓存键；ValueRegex 可对提取值做约束,FC-066
F-2030,内置 codex/claude CLI header 透传模板,亲和缓存,system,P1,codex/claude 规则命中,对命中规则的请求按 pass_headers 模板透传 CLI 专属 header(keep_origin),ChannelAffinityRule(ParamOverrideTemplate),channel_affinity_setting.go:39-61 codexCliPassThroughHeaders(Originator/Session_id/X-Codex-Beta-Features/X-Codex-Turn-Metadata 等)与 claudeCliPassThroughHeaders(X-Stainless-*/Anthropic-Beta/Anthropic-Version 等)；:63-75 buildPassHeaderTemplate mode=pass_headers keep_origin=true,codex 规则命中时 X-Codex-Turn-Metadata 等 header 被透传上游；claude 规则命中时 Anthropic-Beta 等被透传,模板 mode=pass_headers 且 keep_origin=true(保留原始 header)；模板内置不可被普通请求覆盖,FC-067
F-2031,亲和缓存策略配置(SwitchOnSuccess/TTL/MaxEntries/SkipRetryOnFailure),亲和缓存,admin,P1,管理员配置亲和缓存,配置缓存开关、成功才切换、默认 TTL、最大条目数、失败是否跳过重试等策略,"ChannelAffinitySetting(Enabled/SwitchOnSuccess/MaxEntries/DefaultTTLSeconds),ChannelAffinityRule(SkipRetryOnFailure/TTLSeconds)",channel_affinity_setting.go:30-37 设置结构；:77-82 默认 Enabled=true/SwitchOnSuccess=true/MaxEntries=100000/DefaultTTLSeconds=3600；规则级 SkipRetryOnFailure=true,调整 MaxEntries 后缓存条目上限随之变化；SkipRetryOnFailure=true 的规则失败时不切换渠道重试,SwitchOnSuccess=true 表示仅请求成功才把会话粘到该渠道；规则级 TTLSeconds=0 时回退到 DefaultTTLSeconds=3600；KeepOnChannelDisabled 控制渠道禁用后是否保留缓存,FC-068
F-2032,清空亲和缓存(全部/按规则名),亲和缓存,admin,P2,管理员调用清缓存接口,按 all=true 清空全部或按 rule_name 清空指定规则缓存，返回删除条数,ChannelAffinitySetting,controller/channel_affinity_cache.go:20-60 ClearChannelAffinityCache(all=true 调 ClearChannelAffinityCacheAll；否则按 rule_name 调 ClearChannelAffinityCacheByRuleName),传 all=true 返回 deleted 条数；传 rule_name 仅清该规则缓存；二者都不传返回 400 提示缺参数,"必须传 rule_name 或 all=true，否则返回""缺少参数：rule_name，或使用 all=true 清空全部""；仅管理员可清",FC-069
F-2033,亲和缓存用量统计查询,亲和缓存,admin,P3,管理员查询某规则会话键用量,按 rule_name+key_fp(+using_group)返回该会话键命中渠道的用量统计,ChannelAffinitySetting,controller/channel_affinity_cache.go:62-88 GetChannelAffinityUsageCacheStats 强制 rule_name 与 key_fp 非空,"缺 rule_name 返回""missing param: rule_name""；缺 key_fp 返回""missing param: key_fp""；齐全返回 stats",rule_name 与 key_fp 均必填(任一缺失返回 400)；using_group 可选；仅管理员可查,FC-069
F-2034,亲和命中跳过重试(SkipRetryOnFailure),亲和缓存,system,P1,亲和命中渠道请求失败,命中 SkipRetryOnFailure 规则的请求失败时不触发跨渠道重试,ChannelAffinityRule(SkipRetryOnFailure),channel_affinity_setting.go:23 SkipRetryOnFailure 字段；:94/:109 内置 codex/claude 规则均 SkipRetryOnFailure=true,codex 规则命中的请求上游报错时直接返回错误而非换渠道重试,SkipRetryOnFailure=true 时失败不重试(保证会话稳定性，避免缓存被刷新到其他渠道)；默认 false 的自定义规则失败仍走正常重试,FC-068
F-2035,auto 分组逐组耗尽优先级后切下一组重试,跨分组重试,system,P0,令牌使用 auto 分组发起请求,在 auto 分组下逐组从当前优先级选满足渠道，当前组优先级用尽(返回 nil)则切到下一分组重试,"Channel,RetryParam(TokenGroup/Retry),ContextKeyAutoGroupIndex","service/channel_select.go:83-162 CacheGetRandomSatisfiedChannel；:106-130 遍历 autoGroups，channel==nil 时 SetContextKey(AutoGroupIndex,i+1) 并 SetRetry(0) continue 切下一组",两组各两优先级、RetryTimes=3 时：retry0/1 走 GroupA 两优先级，GroupA 耗尽后切 GroupB；GroupA 无该模型渠道时直接跳 GroupB,"TokenGroup=auto 时若 GetAutoGroups()为空返回""auto groups is not enabled""；切组时重置 param.Retry=0、AutoGroupRetryIndex=0；priorityRetry 在新组归零(channel_select.go:113-114)",FC-070
F-2036,令牌级跨分组重试开关(仅 auto 分组有效),跨分组重试,user,P1,令牌配置 CrossGroupRetry 且用 auto 分组,开启后当前组优先级耗尽即准备切下一组，本次仍用当前组，下次重试用下一组,"Token(CrossGroupRetry),ContextKeyTokenCrossGroupRetry","service/channel_select.go:98 读 ContextKeyTokenCrossGroupRetry；:137-147 crossGroupRetry 且 priorityRetry>=RetryTimes 时 SetContextKey(AutoGroupIndex,i+1)+SetRetry(0)+ResetRetryNextTry()",令牌开启 CrossGroupRetry 时 GroupA 重试达 RetryTimes 后下一次切到 GroupB；未开启则不跨组,仅 auto 分组生效(REPO-INSPECTION D10 model/token.go CrossGroupRetry 注释)；本次请求仍用当前组、下次重试才切组(ResetRetryNextTry 防止本次切组计数错乱),FC-071
F-2037,全局重试次数配置(RetryTimes),跨分组重试,admin,P1,系统选渠道重试循环,以 common.RetryTimes 作为单分组内优先级降级/重试上限,RetryParam(Retry),service/channel_select.go:137 priorityRetry>=common.RetryTimes 判断耗尽；REPO-INSPECTION D10 common.RetryTimes,设 RetryTimes=3 时单组最多按 priority0..3 降级；达到后(配合跨组开关)切组或终止,RetryTimes 控制单组内 priorityRetry 上限；与 CrossGroupRetry 联动决定耗尽后是切组还是失败返回；仅管理员可配置,FC-072
F-2038,倍率计费(model_ratio×group_ratio×completion_ratio),计费与额度,system,P0,relay 请求结算,按 模型倍率×分组倍率×补全倍率 计算消耗额度，补全 token 单独乘 completion_ratio,"Log,UseData,TokenParams","REPO-INSPECTION D8 setting/ratio_setting/{model_ratio,group_ratio}.go；FEATURE-CANDIDATES FC-055 model_ratio×group_ratio×completion_ratio",同 token 数下分组倍率 1.25 比 1.0 多扣 25%；补全 token 按 completion_ratio 加权计费,group_ratio 由用户分组决定；completion_ratio 仅作用于补全 token；最终额度=Σ(分类 token×对应倍率)×QuotaPerUnit,FC-055
F-2039,缓存倍率计费(cache_ratio/exposed_cache),计费与额度,system,P1,请求含缓存命中 token,对缓存读/缓存创建 token 按 cache_ratio 单独计价，可对外暴露,Usage(PromptTokensDetails.CachedTokens/CachedCreationTokens),service/tiered_settle.go:24-31 cr=CachedTokens、cc5m=CachedCreationTokens、cc1h(anthropic 时 ClaudeCacheCreation1hTokens)；REPO-INSPECTION D8 cache_ratio.go,缓存读 token 按 cache_ratio<1 计费低于普通 prompt；anthropic 渠道区分 5m/1h 缓存创建,表达式引用 cr/cc/cc1h 时这些 token 从 p 中扣除避免重复计价(tiered_settle.go:46-67)；anthropic 用 1h/5m 缓存创建字段，其余用 CachedCreationTokens,FC-056
F-2040,表达式/阶梯计费(billingexpr 变量与函数),计费与额度,admin,P1,管理员为模型配置表达式计费,用单条表达式定义全部计价逻辑，支持 p/c/cr/cc/img/ai/ao/len 变量与 tier/param/header/has/hour 函数，按 len 判档,billingexpr.TokenParams(P/C/Len/CR/CC/CC1h/Img/ImgO/AI/AO),service/tiered_settle.go:21-89 BuildTieredTokenParams 构造 P/C/Len/CR/CC/CC1h/Img/ImgO/AI/AO；AGENTS.md Rule7 + pkg/billingexpr/expr.md 变量函数说明,配置 tier 按 len 分档表达式后，输入长度跨阈值时单价切档；p/c 在引用子类变量时自动排除该子类,p/c 自动排除已单独计价子类(GPT 格式 prompt 含全部子类需扣减，Claude 格式为纯文本)；表达式版本化 v1:；负值归零(tiered_settle.go:70-75),FC-057
F-2041,阶梯计费结算(TryTieredSettle 用冻结快照),计费与额度,system,P0,上游返回真实 token 后结算,读取请求前冻结的 TieredBillingSnapshot 用真实 token 重算额度，仅 tiered_expr 模式生效,RelayInfo.TieredBillingSnapshot(BillingMode/GroupRatio/QuotaPerUnit/EstimatedTier),service/tiered_settle.go:91-99 TryTieredSettle 检查 snap.BillingMode==tiered_expr 否则返回 ok=false 走旧逻辑；price_test.go:57-61 QuotaToPreConsume/EstimatedTier 断言,tiered_expr 模式请求结算时用快照重算实际额度；非 tiered_expr 模式 TryTieredSettle 返回 false 由调用方走原计费,结算用请求前冻结快照(避免倍率中途变更影响)；snap==nil 或非 tiered_expr 不接管；流式估算档位 EstimatedTier 记录于快照,FC-058
F-2042,预扣额度(pre-consume)与多退少不补,计费与额度,system,P0,请求转发前预估扣费,按估算 token 校验并冻结额度，请求失败全额返还，成功后按真实 token 结算差额(多退少不补),"RelayInfo(FinalPreConsumedQuota),User(Quota),Token(Quota)",service/pre_consume_quota.go:33-79 PreConsumeQuota 校验 userQuota>0 且足额、扣减用户额度记 FinalPreConsumedQuota；:17-29 ReturnPreConsumedQuota 失败时 PostConsumeQuota(-FinalPreConsumedQuota),"余额不足时返回 403""预扣费额度失败""并跳过重试；请求失败异步返还预扣额度；高信任额度令牌跳过预扣","userQuota<=0 返回 403""额度不足""(SkipRetry+NoRecordErrorLog)；userQuota-preConsumed<0 返回 403；userQuota>TrustQuota 且令牌额度>TrustQuota 时信任令牌跳过预扣(preConsumedQuota=0)；无限额度令牌额度充足时不预扣",FC-059
F-2043,倍率配置管理与同步(ratio_config/ratio_sync),计费与额度,admin,P2,管理员配置或同步倍率,管理模型/分组/缓存倍率配置并支持从远端同步,ratio_setting,FEATURE-CANDIDATES FC-060 controller/ratio_config.go、ratio_sync.go；REPO-INSPECTION D8 ratio_config/ratio_sync,修改 model_ratio 后新请求按新倍率计费；ratio_sync 从远端拉取后本地倍率更新,仅管理员可改倍率；同步覆盖本地配置前可预览,FC-060
F-2044,充值与余额查询(多支付渠道),计费与额度,user,P1,用户发起充值,通过支持的支付渠道充值并写入额度，查询当前余额,"TopUp,User(Quota)",FEATURE-CANDIDATES FC-061 controller/topup.go、model/topup.go；REPO-INSPECTION D8 充值多支付渠道,充值成功后用户 Quota 增加对应额度；余额查询返回当前剩余额度,充值需经支付渠道回调确认后才入账；支付合规确认见 payment_compliance(D16),FC-061
F-2045,兑换码(Redemption 单个/批量/过期),计费与额度,admin/user,P2,管理员生成兑换码 用户兑换,管理员按 Quota 生成单个或批量兑换码，用户兑换后额度入账，过期码不可用,Redemption(Quota/Count/过期),FEATURE-CANDIDATES FC-062 model/redemption.go(Quota/批量 Count/过期)；REPO-INSPECTION D8,批量生成 N 个兑换码各含 Quota；用户兑换有效码额度入账，兑换已用/过期码失败,兑换码兑换后置为已用不可重复兑换；过期码拒绝兑换；生成仅管理员可操作,FC-062
F-2046,订阅计划与订单(SubscriptionPlan/Order/UserSubscription),计费与额度,user,P1,用户订阅计划,创建订阅订单并生成 UserSubscription，状态在 active/expired/cancelled 间流转,"SubscriptionPlan,SubscriptionOrder,UserSubscription(Status/StartTime/EndTime)",model/subscription.go:254-263 UserSubscription(Status active/expired/cancelled，EndTime)；:813-838 GetAllActiveUserSubscriptions/HasActiveUserSubscription 以 status=active AND end_time>now 判活,订阅成功生成 status=active 的 UserSubscription；end_time 过期后不计入活跃订阅；管理员作废置 cancelled,活跃判定= status=active AND end_time>now(subscription.go:819)；AdminInvalidateUserSubscription 置 status=cancelled 且 end_time=now 立即结束(subscription.go:892-909)；存在不允许钱包溢出的活跃订阅时阻止用钱包兜底(allow_wallet_overflow=false，:844-856),FC-063
F-2047,订阅预扣/退款记录(SubscriptionPreConsumeRecord),计费与额度,system,P1,订阅维度请求结算,按 BillingSource=subscription 从订阅项预扣额度并记录 consumed/refunded，失败退回,"SubscriptionPreConsumeRecord(consumed/refunded),UserSubscription",service/quota.go:406-410 PostConsumeQuota 按 BillingSource==BillingSourceSubscription 从订阅项结算；REPO-INSPECTION D8 SubscriptionPreConsumeRecord consumed|refunded,订阅用户请求成功记 consumed；请求失败对应预扣记录置 refunded 并退回订阅额度,BillingSource=subscription 时从订阅项扣减(SubscriptionId 必须>0，quota.go:409-410)；预扣记录 consumed 后失败转 refunded；wallet 兜底受 allow_wallet_overflow 约束,FC-064
F-2048,公开价格页/模型价格暴露,计费与额度,visitor,P2,访客访问价格页,按 expose_ratio 配置对外暴露各模型价格(含可暴露缓存倍率),ratio_setting(expose_ratio/exposed_cache),FEATURE-CANDIDATES FC-065 controller/pricing.go expose_ratio/pricing；REPO-INSPECTION D8 expose_ratio.go/exposed_cache.go /api/pricing,价格页返回各模型对外倍率；标记可暴露缓存倍率的模型展示 cache 价格,仅暴露 expose_ratio 标记可见的模型价格；exposed_cache 控制缓存倍率是否对外展示；无需登录可访问,FC-065
F-3001,创建令牌（生成唯一明文 key + 校验额度区间与令牌数量上限）,令牌管理,user,P0,用户在控制台点击「新建令牌」提交表单,生成唯一 sk- 前缀 key 并写入 Token 表,Token,controller/token.go AddToken：GenerateKey()、maxQuotaValue=1000000000*QuotaPerUnit、operation_setting.GetMaxUserTokens() 校验,非无限额度时 RemainQuota<0 返回 MsgTokenQuotaNegative；RemainQuota>10亿*QuotaPerUnit 返回 MsgTokenQuotaExceedMax；令牌数达上限返回「已达到最大令牌数量限制(N)」；成功后 DB 中存在该 key,Name>50 字符拒绝(MsgTokenNameTooLong)；UserAuth 中间件保护；UnlimitedQuota=true 时跳过额度校验,FC-073
F-3002,令牌列表分页查询（key 自动打码）,令牌管理,user,P0,用户进入令牌管理页,返回当前用户令牌分页列表且 key 字段已脱敏,Token,"controller/token.go GetAllTokens 调 buildMaskedTokenResponses；model/token.go GetAllUserTokens(user_id 过滤, Order id desc)",返回项 key 形如 abcd**********wxyz（MaskTokenKey）；仅返回 user_id=当前用户的令牌；分页 total 与 page_size 正确,key<=4 全打码、<=8 保留首尾2位；列表不泄露完整 key,FC-073
F-3003,令牌关键词/前缀搜索（SQL LIKE 注入防护 + 强制截断）,令牌管理,user,P0,用户在令牌页输入关键词或 token 串搜索,返回匹配的令牌分页结果,Token,model/token.go SearchUserTokens(searchHardLimit=100)、sanitizeLikePattern 用 ! 作 ESCAPE 字符,连续 %% 被拒绝；% 超过 2 个被拒绝；含 % 时去 % 后关键词需≥2 字符；limit>100 被强制截断为 100,SearchRateLimit 中间件限流(api-router.go /token/search)；仅搜索当前用户令牌,FC-073
F-3004,获取单个令牌明文 key（限流 + 禁缓存保护）,令牌管理,user,P0,用户点击复制完整 key,返回该令牌完整明文 key,Token,controller/token.go GetTokenKey 返回 token.GetFullKey()；api-router.go POST /token/:id/key 挂 CriticalRateLimit()+DisableCache(),返回 key 为完整未打码值；非本人令牌(GetTokenByIds 带 userId)取不到；高频调用被 CriticalRateLimit 拦截,DisableCache 中间件禁止响应被缓存；越权访问他人令牌返回错误,FC-074
F-3005,批量获取令牌明文 key（数量上限 100）,令牌管理,user,P1,用户多选令牌后点击批量导出 key,返回 id 到 key 的映射,Token,controller/token.go GetTokenKeysBatch：len(Ids)>100 返回 MsgBatchTooMany{Max:100}；model/token.go GetTokenKeysByIds Select(id+commonKeyCol),ids 为空返回 MsgInvalidParams；ids>100 返回上限错误；返回 keysMap 仅含本人令牌的完整 key,CriticalRateLimit+DisableCache 保护；GetTokenKeysByIds 带 userId 过滤越权,FC-074
F-3006,更新令牌（含仅改状态 status_only 与启用前合法性校验）,令牌管理,user,P0,用户编辑令牌或切换启用/禁用,更新 Token 字段或仅状态并返回打码后令牌,Token,controller/token.go UpdateToken：status_only 分支只改 Status；启用时校验 TokenStatusExpired/TokenStatusExhausted,已过期令牌(ExpiredTime<=now 且≠-1)启用返回 MsgTokenExpiredCannotEnable；额度耗尽且非无限启用返回 MsgTokenExhaustedCannotEable；status_only 模式不覆盖其他字段,Name>50 拒绝；RemainQuota 越界校验同创建；仅本人令牌可改,FC-073
F-3007,删除令牌 / 批量删除令牌,令牌管理,user,P1,用户删除单个或多选删除令牌,软删除令牌记录并返回删除数量,Token,controller/token.go DeleteToken 调 DeleteTokenById；DeleteTokenBatch 调 model.BatchDeleteTokens(ids+userId)；model/token.go gorm.DeletedAt 软删除,单删成功 success=true；批量删返回实际删除 count；ids 为空返回 MsgInvalidParams,DeletedAt 软删除而非物理删；BatchDeleteTokens 带 userId 防越权删他人令牌,FC-073
F-3008,令牌额度与过期时间管理（无限额度 / -1 永不过期）,令牌管理,user,P0,创建或编辑令牌时设置额度与有效期,持久化 RemainQuota/UnlimitedQuota/ExpiredTime,Token,model/token.go Token.ExpiredTime gorm default:-1（注释 -1 means never expired）、UnlimitedQuota bool、RemainQuota,ExpiredTime=-1 时 GetTokenStatus 返回 expires_at=0；UnlimitedQuota=true 时不做额度上下限校验；RemainQuota 持久化正确,-1 表示永不过期需在状态查询与启用校验中正确识别,FC-075
F-3009,令牌模型白名单（ModelLimits 开关 + 列表）,令牌管理,user,P1,用户为令牌配置可调用模型范围,限制该令牌仅可访问白名单内模型,Token,model/token.go ModelLimitsEnabled bool / ModelLimits text、IsModelLimitsEnabled()、GetModelLimitsMap()；controller/token.go AddToken 写入 ModelLimits,ModelLimitsEnabled=true 时 GetModelLimitsMap 返回允许模型布尔表；白名单外模型应被拒；Enabled=false 时不限制,ModelLimits 以 text 存储 JSON；GetTokenUsage 暴露 model_limits/model_limits_enabled 给上游,FC-076
F-3010,令牌 IP 白名单（AllowIps 多行解析）,令牌管理,user,P1,用户为令牌配置允许来源 IP,限制该令牌仅可从白名单 IP 调用,Token,model/token.go AllowIps *string、GetIpLimits() 按换行符切分并去空格去逗号,多行 IP 按换行解析为列表；空白/逗号被清理；AllowIps 为 nil 或空串返回空列表（不限制）,AllowIps 指针类型默认空串；空列表语义为不做 IP 限制,FC-077
F-3011,令牌按分组绑定（Group + 跨分组重试开关）,令牌管理,user,P1,用户为令牌指定可用分组,令牌请求按该分组路由渠道,Token,model/token.go Group default 空串、CrossGroupRetry bool（注释：跨分组重试，仅auto分组有效）；controller/token.go AddToken/UpdateToken 写 Group/CrossGroupRetry,令牌 Group 字段持久化；CrossGroupRetry 仅在 Group=auto 时生效；非 auto 分组该开关无效果,跨分组重试与 D10 auto 分组逻辑联动；普通分组忽略该标志,FC-078
F-3012,令牌用量查询（OpenAI 兼容 credit_summary / token_usage）,令牌管理,user,P1,外部客户端用令牌 key 查询用量,返回额度授予/已用/可用与过期时间,Token,controller/token.go GetTokenUsage 解析 Bearer 去 sk- 前缀；GetTokenStatus 返回 object=credit_summary；api-router.go /usage/token 挂 TokenAuthReadOnly,无 Authorization 头返回 401；非 bearer 格式返回 401；total_granted=RemainQuota+UsedQuota、total_used=UsedQuota；expires_at=-1 归零,TokenAuthReadOnly 中间件只读鉴权；key 无效返回 MsgTokenGetInfoFailed,FC-079
F-3013,模型元数据列表（分页 + 供应商计数填充）,模型元数据,admin,P1,管理员进入模型管理页,返回模型元数据分页列表及各供应商模型计数,ModelMeta,controller/model_meta.go GetAllModelsMeta：enrichModels 批量填充、GetVendorModelCounts()；api-router.go /models 挂 AdminAuth,返回 items/total/vendor_counts；enrichModels 避免 N+1 填充端点/渠道/分组/计费类型；分页参数正确,AdminAuth 中间件保护（仅管理员）,FC-080
F-3014,模型元数据搜索（关键词 + 供应商过滤）,模型元数据,admin,P1,管理员按关键词或供应商筛选模型,返回匹配的模型元数据分页结果,ModelMeta,controller/model_meta.go SearchModelsMeta：model.SearchModels(keyword，vendor)+enrichModels,keyword 与 vendor 双条件过滤生效；分页 total 正确；返回项含 enrich 后附加字段,AdminAuth 保护,FC-080
F-3015,模型元数据创建（名称查重 + 刷新定价）,模型元数据,admin,P1,管理员新增模型条目,写入 Model 表并刷新定价缓存,ModelMeta,controller/model_meta.go CreateModelMeta：ModelName 空校验、IsModelNameDuplicated(0，name)、Insert 后 RefreshPricing(),ModelName 为空返回「模型名称不能为空」；重名返回「模型名称已存在」；创建成功后 RefreshPricing 被调用,AdminAuth 保护；name_rule/vendor 等字段持久化,FC-080
F-3016,模型元数据更新（全量更新 / 仅状态 status_only）,模型元数据,admin,P1,管理员编辑模型或切换上/下架,更新 Model 记录并刷新定价,ModelMeta,controller/model_meta.go UpdateModelMeta：status_only=true 仅 Update(status)；否则 IsModelNameDuplicated(id，name) 后 m.Update(),Id=0 返回「缺少模型 ID」；status_only 模式不清空其他字段；重名（排除自身）返回已存在；更新后 RefreshPricing,AdminAuth 保护；status_only 防误清字段,FC-080
F-3017,模型元数据删除（刷新定价）,模型元数据,admin,P2,管理员删除模型条目,删除 Model 记录并刷新定价,ModelMeta,controller/model_meta.go DeleteModelMeta：DB.Delete(&Model，id) 后 RefreshPricing(),非数字 id 返回参数错误；删除成功 data=nil；RefreshPricing 被触发,AdminAuth 保护,FC-080
F-3018,供应商元数据 CRUD（名称唯一约束）,供应商元数据,admin,P1,管理员维护供应商（vendor）信息,增删改查 Vendor 记录,VendorMeta,controller/vendor_meta.go GetAllVendors/SearchVendors/CreateVendorMeta/UpdateVendorMeta/DeleteVendorMeta；IsVendorNameDuplicated,创建时 Name 空返回「供应商名称不能为空」；重名返回「供应商名称已存在」；更新缺 Id 返回「缺少供应商 ID」；按 keyword 可搜索,vendorRoute 挂 AdminAuth；删除按 :id,FC-081
F-3019,上游模型同步执行（拉取 basellm 元数据创建缺失模型 + 可选字段覆盖）,模型同步,admin,P1,管理员点击同步上游模型,创建本地缺失模型并按需覆盖字段,"ModelMeta,VendorMeta,MissingModels",controller/model_sync.go SyncUpstreamModels：upstream URL basellm.github.io、GetMissingModels、ETag 条件请求、SyncOfficial=0 跳过,无缺失且无 overwrite 时不请求上游直接返回零计数；上游缺失的模型进 skipped；返回 created_models/created_vendors/updated_models/skipped_models 计数,SyncOfficial=0 的本地模型被跳过覆盖；上游拉取失败返回「获取上游模型失败」；AdminAuth 保护,FC-082
F-3020,上游模型同步预览（差异对比不落库）,模型同步,admin,P1,管理员同步前点击预览差异,返回上游与本地差异供弹窗勾选,"ModelMeta,VendorMeta",controller/model_sync.go SyncUpstreamPreview（line 498+）；getUpstreamURLs 支持 locale（en/zh-CN/zh-TW/ja）,预览仅返回差异不写库；locale 非法时回退默认 URL；ETag 命中 304 走 bodyCache,AdminAuth 保护；预览阶段不修改任何模型记录,FC-082
F-3021,缺失模型检测（渠道引用但无元数据的模型）,模型同步,admin,P1,管理员查看哪些模型缺配置,返回被渠道引用但无 ModelMeta 记录的模型名列表,MissingModels,controller/missing_models.go GetMissingModels 调 model.GetMissingModels(),返回 data 为缺失模型名数组；查询失败返回 success=false+message；用于驱动同步,AdminAuth（modelsRoute）保护,FC-083
F-3022,模型排行榜（公开 period 维度快照）,模型广场,user|guest,P2,用户访问模型排行页,返回指定周期的模型使用排行快照,UseDataRankings,controller/rankings.go GetRankings：service.GetRankingsSnapshot(DefaultQuery(period，week))；api-router.go /rankings 挂 HeaderNavModuleAuth(rankings),默认 period=week；非法 period 返回 400+message；返回 data 为排行快照,HeaderNavModuleAuth 控制模块可见性（可公开）,FC-084
F-3023,公开价格页（按用户可用分组过滤定价 + 分组倍率）,模型广场,user|guest,P1,用户访问定价页,返回过滤后的模型定价、供应商、分组倍率与可用分组,"Pricing,VendorMeta",controller/pricing.go GetPricing：filterPricingByUsableGroups、GetUserUsableGroups、GetGroupGroupRatio、pricing_version 常量,未登录按公开可用分组过滤；EnableGroup 含 all 的项始终展示；group_ratio 仅保留可用分组；返回含 supported_endpoint/auto_groups/pricing_version,HeaderNavModuleAuth(pricing) 控制可见；可用分组为空时返回空定价列表,FC-065
F-3024,模型广场（DashboardListModels 渠道到模型映射）,模型广场,user,P2,登录用户查看可用模型总览,返回 channelId 到模型列表的映射,ModelMeta,controller/model.go DashboardListModels 返回 channelId2Models；api-router.go /models 挂 UserAuth,返回 data=channelId2Models 映射；需登录,UserAuth 保护,FC-085
F-3025,用户可见模型列表（按用户分组聚合去重）,模型广场,user,P1,用户查询自己可调用的模型,返回该用户所有可用分组下启用模型的去重列表,"ModelMeta,User",controller/user.go GetUserModels：GetUserUsableGroups(user.Group)、GetGroupEnabledModels、StringsContains 去重,返回 data 为去重模型名数组；按用户所属分组聚合各分组启用模型；用户不存在返回错误,selfRoute /self/models 需 UserAuth；仅返回该用户可用分组的模型,FC-085
F-3026,OpenAI 兼容 chat/completions 与 completions 中转,Relay 网关,user,P0,客户端 POST /v1/chat/completions 或 /v1/completions,按 RelayFormatOpenAI 转发到上游并回传响应,"Token,Channel,Log",router/relay-router.go httpRouter.POST(/chat/completions 与 /completions) 走 Relay(RelayFormatOpenAI)；relay_mode.go RelayModeChatCompletions/RelayModeCompletions,路径正确映射 relay mode；TokenAuth+ModelRequestRateLimit+Distribute 中间件链生效；流式与非流式均可转发,TokenAuth 鉴权失败拒绝；ModelRequestRateLimit 超限拒绝；moderations 复用 RelayFormatOpenAI,FC-086
F-3027,embeddings 中转（含后缀匹配兼容）,Relay 网关,user,P1,客户端 POST /v1/embeddings 或以 embeddings 结尾路径,按 RelayFormatEmbedding 转发,"Token,Channel",router/relay-router.go POST /embeddings 走 RelayFormatEmbedding；relay_mode.go Path2RelayMode 对 /v1/embeddings 及 HasSuffix(embeddings) 均判 RelayModeEmbeddings,/v1/embeddings 与任意 embeddings 后缀路径都被识别为 embeddings 模式；/engines/:model/embeddings 走 Gemini,TokenAuth 保护,FC-087
F-3028,images 中转（generations/edits，variations 未实现）,Relay 网关,user,P1,客户端 POST /v1/images/generations 或 /edits,按 RelayFormatOpenAIImage 转发,"Token,Channel",router/relay-router.go POST /images/generations、/images/edits、/edits 走 RelayFormatOpenAIImage；/images/variations 走 RelayNotImplemented,generations/edits 正常转发；POST /v1/images/variations 返回未实现响应（RelayNotImplemented）,variations 明确不支持需返回 not implemented 而非 500,FC-088
F-3029,audio 中转（speech/transcription/translation 统一格式）,Relay 网关,user,P1,客户端调用 /v1/audio/speech 或 transcriptions 或 translations,按 RelayFormatOpenAIAudio 转发,"Token,Channel",router/relay-router.go POST /audio/speech、/audio/transcriptions、/audio/translations 走 RelayFormatOpenAIAudio；relay_mode.go RelayModeAudioSpeech/Transcription/Translation,三个音频端点均路由到 OpenAIAudio 格式；speech(tts)与 whisper 转录/翻译均可转发,TokenAuth 保护,FC-089
F-3030,moderations 内容审核中转,Relay 网关,user,P2,客户端 POST /v1/moderations,按 RelayFormatOpenAI 转发审核请求,"Token,Channel",router/relay-router.go POST /moderations 走 Relay(RelayFormatOpenAI)；relay_mode.go RelayModeModerations,moderations 路径被识别为 RelayModeModerations；以 OpenAI 格式转发到上游,TokenAuth 保护,FC-090
F-3031,rerank 重排序中转,Relay 网关,user,P2,客户端 POST /v1/rerank,按 RelayFormatRerank 转发,"Token,Channel",router/relay-router.go POST /rerank 走 RelayFormatRerank；relay_mode.go RelayModeRerank（jina/cohere 等 adapter）,/v1/rerank 被识别为 RelayModeRerank 并转发到支持 rerank 的上游,TokenAuth 保护,FC-091
F-3032,responses 中转（含 compact 紧凑变体）,Relay 网关,user,P1,客户端 POST /v1/responses 或 /responses/compact,按 RelayFormatOpenAIResponses(Compaction) 转发,"Token,Channel",router/relay-router.go /responses 走 RelayFormatOpenAIResponses、/responses/compact 走 RelayFormatOpenAIResponsesCompaction；relay_mode.go 先判 /v1/responses/compact 再判 /v1/responses,/responses/compact 必须先于 /responses 匹配（前缀顺序）；两者分别走不同 RelayFormat,路径前缀匹配顺序错误会导致 compact 被误判为普通 responses,FC-093
F-3057,edits 中转（legacy /v1/edits 编辑端点）,Relay 网关,user,P2,客户端 POST /v1/edits,按 RelayModeEdits 识别并以图像/编辑格式转发,"Token,Channel",relay_mode.go Path2RelayMode 对 /v1/edits 判 RelayModeEdits（独立于 images）；router/relay-router.go POST /edits 走 RelayFormatOpenAIImage,/v1/edits 被识别为独立 RelayModeEdits 常量；与 /images/edits 区分；经 OpenAIImage 格式链路转发,TokenAuth 保护；edits 为 legacy 端点需与 images/edits 路径区分,FC-092
F-3033,realtime WebSocket 实时中转,Relay 网关,user,P2,客户端 GET /v1/realtime 建立 WebSocket,按 RelayFormatOpenAIRealtime 升级并双向转发,"Token,Channel",router/relay-router.go wsRouter.GET(/realtime) 走 Relay(RelayFormatOpenAIRealtime)；controller/relay.go line79 RelayFormatOpenAIRealtime 分支；relay_mode.go RelayModeRealtime,GET /v1/realtime 走 WebSocket 升级而非普通 HTTP；TokenAuth+Distribute 生效；错误以 realtime 专用分支返回,WebSocket 错误处理分支与 HTTP 不同（relay.go case RelayFormatOpenAIRealtime）,FC-094
F-3034,Gemini 原生协议中转（/v1beta/models/*）,Relay 网关,user,P1,客户端按 Gemini 原生格式调 /v1beta/models 路径,按 RelayFormatGemini 转发,"Token,Channel",router/relay-router.go relayGeminiRouter POST /v1beta/models/*path 走 RelayFormatGemini；relay/channel/gemini adapter；relay_mode.go /v1beta/models 判 RelayModeGemini,Gemini 路径 /v1beta/models/*path 正确路由；x-goog-api-key 或 query key 时 /v1/models 也走 Gemini 检索,TokenAuth+ModelRequestRateLimit+Distribute 生效；原生格式经 gemini adapter 转换,FC-095
F-3035,Claude 原生协议中转（/v1/messages）,Relay 网关,user,P1,客户端按 Anthropic 原生格式 POST /v1/messages,按 RelayFormatClaude 转发,"Token,Channel",router/relay-router.go POST /messages 走 Relay(RelayFormatClaude)；relay/channel/claude adapter；controller/relay.go RelayFormatClaude 错误分支以 newAPIError.StatusCode 返回,/v1/messages 走 Claude 格式；错误时按 Claude 结构返回（relay.go case RelayFormatClaude）；x-api-key+anthropic-version 头识别 Anthropic 模型列表,TokenAuth 保护；Claude 错误响应格式与 OpenAI 不同,FC-096
F-3036,各厂商原生协议适配（37 个 provider adapter 转换）,Relay 网关,admin|user,P1,请求被分发到对应渠道类型的上游,经 provider adapter 将统一请求转换为厂商原生协议,Channel,relay/channel/ 下 37 个 adapter（tencent/xunfei/zhipu/ali/baidu/aws/vertex/cohere/mistral/codex 等）；REPO-INSPECTION D13 footprint,各 adapter 将统一入参转换为对应厂商协议并解析其响应；新增渠道按 AGENTS Rule4 决定是否加入 streamSupportedChannels,渠道类型常量至 57(constant/channel.go)；adapter 缺失会导致该渠道类型无法中转,FC-097
F-3037,Relay 统一错误处理与渠道自动禁用（按状态码重试/禁用）,Relay 网关,user|admin,P0,上游返回错误状态码,按状态码决定重试或禁用渠道并记录错误日志,"Channel,Log",controller/relay.go ShouldRetryByStatusCode(code)、service.DisableChannel、RecordErrorLog(MaskSensitiveErrorWithStatusCode)、other[status_code],可重试状态码触发重试、不可重试则跳过；满足条件的渠道被 DisableChannel；错误日志脱敏(MaskSensitive)并记录 channel/model/status_code,错误响应按 RelayFormat（OpenAI/Claude/Gemini）分别构造；仅 AutoBan 渠道才允许自动禁用,FC-086
F-3039,io.net 部署集成开关与设置查询,部署管理,admin,P1,管理员打开部署管理页,返回 io.net 启用状态/是否配置 api_key/可连通性,Option,controller/deployment.go GetModelDeploymentSettings：OptionMap[model_deployment.ionet.enabled/api_key]；返回 provider=io.net、enabled、configured、can_connect,enabled 取 OptionMap 是否等于 true；configured=api_key 非空；can_connect=enabled且configured；provider 固定 io.net,deploymentsRoute 挂 AdminAuth；getIoAPIKey 在未启用或 key 缺失时返回错误,FC-098
F-3040,io.net 连接测试（校验 api_key + 返回硬件可用量）,部署管理,admin,P1,管理员点击测试连接提交 api_key,用 EnterpriseClient 验证 key 并返回硬件数与可用量,Option,controller/deployment.go TestIoNetConnection：req.APIKey 为空回退 stored key、NewEnterpriseClient、GetMaxGPUsPerContainer、APIError 透传 message,请求体 key 为空且无存储 key 返回 api_key is required；key 无效返回 ionet.APIError.Message；成功返回 hardware_count/total_available,AdminAuth 保护；空 message 时回退 failed to validate api key,FC-098
F-3041,部署列表查询与状态计数（分页 + 状态聚合）,部署管理,admin,P1,管理员浏览部署集群列表,返回 io.net 部署分页列表及各状态计数,Deployment,controller/deployment.go GetAllDeployments：ListDeployments(SortBy=created_at desc)、mapIoNetDeployment、computeStatusCounts(running/completed/failed 等),返回 items 含 time_remaining/hardware_info/compute_minutes_remaining；status_counts 含 all 与各状态计数；分页 page/page_size/total 正确,AdminAuth+EnterpriseClient；time_remaining 按 ComputeMinutesRemaining 换算小时分钟,FC-099
F-3042,部署搜索（按状态过滤 + 名称关键词本地过滤）,部署管理,admin,P2,管理员按状态或名称搜索部署,返回过滤后的部署列表,Deployment,controller/deployment.go SearchDeployments：status 透传上游、keyword 在本地按 Name Contains 过滤、keyword 非空时 total=len(filtered),status 作为上游过滤参数；keyword 为空返回全部、非空按名称小写包含过滤；total 按过滤后数量修正,AdminAuth 保护,FC-099
F-3043,部署详情查询（GPU/容器/计算分钟/地域）,部署管理,admin,P1,管理员点击某部署查看详情,返回单个部署的硬件/容器/计算用量明细,Deployment,controller/deployment.go GetDeployment：requireDeploymentID、GetDeployment 返回 total_gpus/total_containers/compute_minutes_served/locations/container_config,id 为空返回 deployment ID is required；返回含 gpus_per_container/amount_paid/completed_percent/locations,AdminAuth；deploymentID 必填校验,FC-100
F-3044,创建部署（DeployContainer 下发容器）,部署管理,admin,P1,管理员提交新建部署表单,向 io.net 下发容器部署请求,Deployment,controller/deployment.go CreateDeployment：ShouldBindJSON(ionet.DeploymentRequest)、client.DeployContainer、返回 deployment_id/status,请求体非法返回绑定错误；成功返回 deployment_id/status 与 Deployment created successfully,AdminAuth+EnterpriseClient,FC-098
F-3045,部署更新（UpdateDeployment 配置变更）,部署管理,admin,P2,管理员修改部署配置,提交 io.net 部署更新请求,Deployment,controller/deployment.go UpdateDeployment：requireDeploymentID、ShouldBindJSON(ionet.UpdateDeploymentRequest)、client.UpdateDeployment 返回 status/deployment_id,deploymentID 必填；请求体非法返回错误；成功返回 status/deployment_id,AdminAuth 保护,FC-100
F-3046,部署重命名（名称可用性预检）,部署管理,admin,P2,管理员重命名部署,校验新名称可用后更新部署名,Deployment,controller/deployment.go UpdateDeploymentName：CheckClusterNameAvailability 预检、空名拒绝、UpdateClusterName,name 为空返回 deployment name cannot be empty；名称不可用返回 name is not available；可用预检失败返回 failed to check name availability,AdminAuth；name binding required,FC-100
F-3047,部署续期（ExtendDeployment 延长计算时长）,部署管理,admin,P2,管理员为部署续期,延长部署计算分钟并返回更新后详情,Deployment,controller/deployment.go ExtendDeployment：ShouldBindJSON(ionet.ExtendDurationRequest)、client.ExtendDeployment、mapIoNetDeployment 重构返回,deploymentID 必填；请求体非法返回错误；返回更新后的 compute_minutes_remaining/time_remaining,AdminAuth 保护,FC-100
F-3048,删除部署（请求终止）,部署管理,admin,P2,管理员删除/终止部署,向 io.net 发送终止请求,Deployment,controller/deployment.go DeleteDeployment：requireDeploymentID、client.DeleteDeployment、返回 Deployment termination requested successfully,deploymentID 必填；成功返回 status/deployment_id 与终止确认消息,AdminAuth；DELETE /:id,FC-100
F-3049,硬件类型查询（含总可用量统计）,部署管理,admin,P1,管理员选择部署硬件,返回可用硬件类型列表与总可用量,Deployment,controller/deployment.go GetHardwareTypes：client.ListHardwareTypes 返回 hardware_types/total/total_available,返回 hardware_types 数组、total=类型数、total_available=总可用副本数,AdminAuth+EnterpriseClient,FC-099
F-3050,部署地域查询,部署管理,admin,P2,管理员选择部署地域,返回可用部署地域列表,Deployment,controller/deployment.go GetLocations：client.ListLocations、total 为 0 时回退 len(Locations),返回 locations 数组与 total；上游 total=0 时用列表长度兜底,AdminAuth；GetLocations 用普通 Client（非 Enterprise）,FC-099
F-3051,可用副本查询（按硬件 ID + GPU 数）,部署管理,admin,P2,管理员选硬件后查询可用副本,返回指定硬件与 GPU 数下的可用副本,Deployment,controller/deployment.go GetAvailableReplicas：hardware_id 必填、Atoi 校验大于0、gpu_count 默认 1、client.GetAvailableReplicas,hardware_id 缺失返回 hardware_id parameter is required；非法或不大于0 返回 invalid hardware_id parameter；gpu_count 非正回退 1,AdminAuth+EnterpriseClient,FC-099
F-3052,部署价格预估,部署管理,admin,P1,管理员配置部署后预估费用,返回 io.net 价格预估结果,Deployment,controller/deployment.go GetPriceEstimation：ShouldBindJSON(ionet.PriceEstimationRequest)、client.GetPriceEstimation,请求体非法返回绑定错误；成功返回上游 priceResp,AdminAuth；实际计费以 io.net 为准,FC-100
F-3053,集群名称可用性查询,部署管理,admin,P2,管理员输入集群名实时校验,返回该名称是否可用,Deployment,controller/deployment.go CheckClusterNameAvailability：name 查询参数必填、client.CheckClusterNameAvailability、返回 available/name,name 为空返回 name parameter is required；返回 available 布尔与 name,AdminAuth；GET /check-name,FC-100
F-3054,部署容器列表（含容器事件）,部署管理,admin,P2,管理员查看部署下容器,返回容器列表及每容器事件时间线,"Deployment,Container",controller/deployment.go ListDeploymentContainers：ListContainers、Workers 映射 container_id/device_id/uptime_percent/public_url/events,deploymentID 必填；返回 containers 数组含 events(time/message)、total；无容器时返回空数组与 total=0,AdminAuth+EnterpriseClient,FC-100
F-3055,容器详情查询,部署管理,admin,P2,管理员查看单个容器明细,返回容器硬件/状态/事件详情,Container,controller/deployment.go GetContainerDetails：requireDeploymentID 与 requireContainerID、GetContainerDetails、details 为 nil 返回 not found,deploymentID/container_id 任一为空返回对应必填错误；details 为空返回 container details not found；返回 events/public_url/uptime_percent,AdminAuth；双 ID 必填,FC-100
F-3056,容器日志查询（按级别/流/游标分页 + 时间范围）,部署管理,admin,P2,管理员查看容器运行日志,返回容器原始日志（支持过滤与分页）,Container,controller/deployment.go GetDeploymentLogs：container_id 必填、limit 默认 100 上限 1000、level/stream/cursor/follow、start_time/end_time 按 RFC3339 解析,container_id 缺失返回 container_id parameter is required；limit>1000 截断为 1000；非法时间字符串被忽略；follow=true 启用跟随,AdminAuth；GetDeploymentLogs 用普通 Client；时间需 RFC3339,FC-100
F-4001,管理端全量日志查询（按类型/时间/用户名/令牌名/模型/渠道/分组/请求ID过滤分页）,日志与用量,admin,P0,管理员在日志页设置过滤条件翻页,返回符合过滤条件的全量日志分页列表与总数,Log,"controller/log.go GetAllLogs 取 type/start_timestamp/end_timestamp/username/token_name/model_name/channel/group/request_id/upstream_request_id 调 model.GetAllLogs;api-router.go logRoute.GET(""/"") 挂 AdminAuth()",传入 type/时间区间/username 等任一过滤项返回对应子集;total 与 page_size 分页正确;不传 type(LogTypeUnknown=0)返回全部类型,AdminAuth() 中间件保护;普通用户无法访问该接口,FC-101
F-4002,用户自助日志查询（仅本人 user_id，按类型/时间/令牌名/模型/分组过滤）,日志与用量,user,P0,用户在个人日志页翻页查询,返回当前登录用户本人的日志分页列表,Log,"controller/log.go GetUserLogs 取 c.GetInt(""id"") 作 userId 调 model.GetUserLogs;api-router.go logRoute.GET(""/self"") 挂 UserAuth()",返回项均属当前 user_id;无 username/channel 过滤维度(自助接口不暴露);分页 total 正确,UserAuth() 保护;无法越权查询他人 userId 日志,FC-101
F-4003,按令牌明文 key 查询消费日志（令牌读权限 + 限流 + 禁缓存）,日志与用量,user,P1,外部用程序带 token key 调 GET /api/log/token 查该 key 日志,返回该 token_id 对应的日志列表,Log;Token,"controller/log.go GetLogByKey 取 c.GetInt(""token_id"") 调 model.GetLogByTokenId;api-router.go logRoute.GET(""/token"") 挂 TokenAuthReadOnly()+CORS()+CriticalRateLimit()",token_id==0 返回「无效的令牌」;有效 token_id 返回其日志数组;高频调用被 CriticalRateLimit 拦截,TokenAuthReadOnly() 校验 key;Disable/CriticalRateLimit 防滥用,FC-102
F-4004,管理端日志统计（消费类 quota/rpm/tpm 汇总）,日志与用量,admin,P1,管理员在日志页查看统计卡片,返回过滤条件下 LogTypeConsume 日志的 quota、rpm、tpm 三项聚合值,Log,"controller/log.go GetLogsStat 调 model.SumUsedQuota;model/log.go SumUsedQuota Where(""type = ?"", LogTypeConsume)",返回 quota/rpm/tpm 三字段;仅统计 type=2(LogTypeConsume)的记录;过滤项随查询变化,AdminAuth() 保护(logRoute /stat),FC-102
F-4005,用户自助日志统计（按当前用户名汇总 quota/rpm/tpm）,日志与用量,user,P1,用户在个人仪表盘查看用量统计,返回以当前 username 限定的消费日志聚合 quota/rpm/tpm,Log,"controller/log.go GetLogsSelfStat 取 c.GetString(""username"") 传入 model.SumUsedQuota;api-router.go logRoute.GET(""/self/stat"") 挂 UserAuth()",统计 username 固定为当前用户;返回 quota/rpm/tpm;不接受任意 username 参数覆盖,UserAuth() 保护;username 来自上下文不可伪造,FC-102
F-4006,清理历史日志（按目标时间戳分批删除，每批上限 100）,日志与用量,admin,P1,管理员在日志维护设置目标时间点执行清理,删除早于 target_timestamp 的日志并返回删除条数,Log,"controller/log.go DeleteHistoryLogs 校验 target_timestamp!=0 调 model.DeleteOldLog(ctx, targetTimestamp, 100)",target_timestamp 为 0 返回「target timestamp is required」;成功返回 data=删除 count;单次最多删 100 条,AdminAuth() 保护(logRoute DELETE /),FC-101
F-4007,管理端配额按日数据查询（GetAllQuotaDates，可按 username 过滤）,日志与用量,admin,P1,管理员在数据看板选时间区间查看每日配额,返回时间区间内按日聚合的 QuotaData 列表,QuotaData,"controller/usedata.go GetAllQuotaDates 调 model.GetAllQuotaDates(start, end, username);api-router.go dataRoute.GET(""/"") 挂 AdminAuth()",传 username 过滤指定用户;返回按日分组数据;空 username 返回全站,AdminAuth() 保护,FC-103
F-4008,配额数据按用户聚合（GetQuotaDatesByUser，全站用户维度）,日志与用量,admin,P2,管理员查看各用户配额消耗排布,返回时间区间内按用户分组的配额聚合数据,QuotaData,"controller/usedata.go GetQuotaDatesByUser 调 model.GetQuotaDataGroupByUser(start, end);api-router.go dataRoute.GET(""/users"")",返回以用户为维度的聚合;时间区间生效;数据按 user 分组,AdminAuth() 保护,FC-103
F-4009,用户自助配额按日数据（GetUserQuotaDates，时间跨度上限 1 个月）,日志与用量,user,P1,用户在个人用量页选区间查看每日消耗,返回本人时间区间内的每日 QuotaData,QuotaData,"controller/usedata.go GetUserQuotaDates 取 c.GetInt(""id"") 调 model.GetQuotaDataByUserId;校验 endTimestamp-startTimestamp > 2592000",时间跨度超过 2592000 秒(1 月)返回「时间跨度不能超过 1 个月」;仅返回当前 userId 数据,UserAuth() 保护;userId 来自上下文防越权,FC-103
F-4010,模型/用量排行榜快照（公开，按 period 周/月）,日志与用量,anonymous;user,P2,公开页或控制台请求 GET /api/rankings,返回指定 period 的用量排行榜快照,UsedataRanking,"controller/rankings.go GetRankings 调 service.GetRankingsSnapshot(c.DefaultQuery(""period"", ""week""));api-router.go GET(""/rankings"") 挂 HeaderNavModuleAuth(""rankings"")",period 默认 week;非法 period 返回 400 + 错误信息;成功返回排行快照数据,"受 HeaderNavModuleAuth(""""rankings"""") 模块开关控制是否可见",FC-104
F-4011,管理/高危操作审计日志记录（type=LogTypeManage，记录 action+params+操作者+IP）,日志与用量,admin,P0,管理员执行渠道/系统设置/兑换码等资源操作时自动埋点,落库一条含 action、英文渲染 content、操作者身份与 client IP 的审计日志,Log,controller/audit.go recordManageAudit→model.RecordOperationAuditLog;model/log.go RecordOperationAuditLog Type:LogTypeManage(3);auditContentEN 按 auditContentTemplates 渲染,"写入记录 Type=3;content 由 action 模板(如 option.update→""""Updated system setting ${key}"""")渲染;含 admin_id/admin_username/admin_role/auth_method",未登记 action 退回 action 本身;markAuditLogged 避免鉴权链路重复兜底记录,FC-105
F-4012,用户安全敏感操作审计（passkey 绑定/解绑等，无管理员归属）,日志与用量,user,P1,普通用户完成 passkey 注册或删除等安全动作,记录归属该用户、无 admin_info 的安全审计日志,Log,"controller/audit.go recordUserSecurityAudit 调 model.RecordOperationAuditLog(userId, ..., nil, nil);模板含 user.passkey_register/user.passkey_delete","写入记录 adminInfo 为 nil;content 渲染为 """"Registered a passkey""""/""""Deleted a passkey"""";归属操作用户自身 userId",不依赖 AdminAuth/RootAuth 兜底;用户可在自己日志中看到,FC-105
F-4013,登录审计日志记录（type=LogTypeLogin）,日志与用量,user,P1,用户登录成功后系统埋点,落库一条 type=LogTypeLogin 的登录审计日志,Log,model/log.go RecordLoginLog Type:LogTypeLogin(7) 记录 username/content/ip/action/params/extra,写入记录 Type=7;包含登录 username 与 client IP;按 action/params 结构化存储,与消费/管理日志通过 type 字段区分,FC-105
F-4014,渠道亲和缓存用量统计查询,日志与用量,admin,P2,管理员在亲和缓存监控页查看用量,返回 channel_affinity_usage_cache 的统计数据,ChannelAffinityUsageCache,"api-router.go logRoute.GET(""/channel_affinity_usage_cache"") 挂 AdminAuth() 调 controller.GetChannelAffinityUsageCacheStats",返回亲和缓存用量统计;挂在 logRoute 分组下,AdminAuth() 保护,FC-105
F-4015,系统初始化状态查询（GetSetup，未初始化返回 root 是否存在与数据库类型）,运营与运维,anonymous,P0,首次访问站点前端探测是否需进入初始化向导,返回 setup 状态、root_init、database_type,Setup,controller/setup.go GetSetup 读 constant.Setup;未初始化时 setup.RootInit=model.RootUserExists();按 common.UsingMySQL/PostgreSQL/SQLite 填 DatabaseType,已初始化返回 status=true 直接结束;未初始化返回 root_init 与 database_type(mysql/postgres/sqlite),GET /api/setup 匿名可访问,FC-106
F-4016,系统初始化提交（PostSetup，创建 root 账号 + 设置自用/演示模式 + 写 setup 记录）,运营与运维,anonymous,P0,管理员在初始化向导提交用户名密码与模式开关,创建 root 用户、持久化模式开关并标记 constant.Setup=true,User;Setup;Option,controller/setup.go PostSetup 校验 username<=12、password>=8 且两次一致;创建 Role=RoleRootUser、Quota=100000000 用户;写 SelfUseModeEnabled/DemoSiteEnabled 并 Create model.Setup,已初始化返回「系统已经初始化完成」;用户名>12 字符或密码<8 或两次不一致分别报错;成功后 constant.Setup=true,POST /api/setup 带 anonymousRequestBodyLimit;重复初始化被拒,FC-106
F-4017,全站选项列表查询（GetOptions，自动剔除敏感键 + 注入补全倍率元信息）,运营与运维,root,P0,管理员进入系统设置页加载所有配置,返回过滤敏感键后的 option 列表并附加 CompletionRatioMeta,Option,controller/option.go GetOptions 遍历 common.OptionMap 跳过后缀 Token/Secret/Key/secret/api_key 的键;追加 key=CompletionRatioMeta 的 buildCompletionRatioMetaValue 结果,返回项不含任何以 Token/Secret/Key 结尾的敏感键;额外含 CompletionRatioMeta 项,optionRoute 挂 RootAuth();仅 root 可读全站配置,FC-107
F-4018,全站选项更新（UpdateOption，含逐键合法性校验与依赖检查）,运营与运维,root,P0,管理员在系统设置修改单个配置项,校验通过后落库该选项并记录 option.update 审计,Option;Log,"controller/option.go UpdateOption 对 GitHubOAuthEnabled/discord.enabled/oidc.enabled/theme.frontend/GroupRatio/ImageRatio 等分支校验后 model.UpdateOption;末尾 recordManageAudit(""option.update"",{key})",启用 OAuth 但未填 ClientId 报对应「请先填入...」错误;theme.frontend 非 default/classic 报「无效的主题值」;成功后写审计仅记录 key 不记录 value,optionRoute 挂 RootAuth();合规字段 payment_setting.compliance_ 禁止经此接口改;QuotaForInviter 正值需先确认支付合规,FC-107
F-4019,性能统计查询（缓存/内存/磁盘/GC/Goroutine 与监控阈值配置）,运营与运维,root,P1,管理员打开性能监控面板,返回磁盘缓存、内存、磁盘空间、Goroutine 数与监控配置的聚合统计,PerformanceStats,controller/performance.go GetPerformanceStats 组装 CacheStats/MemoryStats(Alloc/Sys/NumGC/NumGoroutine)/DiskCacheInfo/DiskSpaceInfo/PerformanceConfig,返回含 num_goroutine、num_gc、disk_space_info.used_percent 与监控 CPU/内存/磁盘阈值;实时读 runtime.ReadMemStats,performanceRoute 挂 RootAuth();仅 root 可见运维指标,FC-108
F-4020,清理不活跃磁盘缓存（删除 10 分钟以上未使用缓存文件）,运营与运维,root,P2,管理员在性能面板点击清理磁盘缓存,删除超过 10 分钟未使用的磁盘缓存文件,DiskCache,controller/performance.go ClearDiskCache 调 common.CleanupOldDiskCacheFiles(10 * time.Minute),成功返回「不活跃的磁盘缓存已清理」;10 分钟阈值确保进行中请求不被误删,performanceRoute DELETE /disk_cache 挂 RootAuth(),FC-108
F-4021,强制执行 GC / 重置性能统计计数,运营与运维,root,P2,管理员手动触发垃圾回收或重置统计,执行 runtime.GC() 或重置磁盘缓存统计计数,PerformanceStats,controller/performance.go ForceGC 调 runtime.GC() 返回「GC 已执行」;ResetPerformanceStats 调 common.ResetDiskCacheStats() 返回「统计信息已重置」,ForceGC 返回「GC 已执行」;ResetPerformanceStats 返回「统计信息已重置」;两者均为幂等运维动作,performanceRoute POST /gc 与 /reset_stats 挂 RootAuth(),FC-108
F-4022,日志文件列表查询（仅 oneapi-*.log，含总大小与最早/最新时间）,运营与运维,root,P2,管理员在日志文件管理页加载文件列表,返回日志目录下日志文件列表、文件数、总大小、最旧/最新时间,LogFile,controller/performance.go GetLogFiles 调 getLogFiles 仅收 前缀 oneapi- 且后缀 .log 的文件按名降序;LogDir 为空返回 Enabled=false,LogDir 未配置返回 enabled=false;仅列出 oneapi-*.log;返回 file_count/total_size 及 oldest_time/newest_time,performanceRoute GET /logs 挂 RootAuth(),FC-108
F-4023,清理过期日志文件（by_count 保留最新 N 个 / by_days 删早于 N 天，跳过活动日志）,运营与运维,root,P2,管理员选择按数量或天数清理日志文件,删除符合条件的日志文件并返回删除数与释放字节,LogFile,controller/performance.go CleanupLogFiles mode 必须 by_count/by_days;value 须为正整数;跳过 logger.GetCurrentLogPath() 当前活动日志,mode 非 by_count/by_days 报「invalid mode」;value<1 报「invalid value」;当前活动日志不被删除;部分失败返回 failed_files 并 success=false,performanceRoute DELETE /logs 挂 RootAuth();LogDir 未配置报错,FC-108
F-4024,性能指标汇总查询（公开 summary，按 hours + 活动分组聚合）,运营与运维,anonymous;user,P2,公开模型性能页或控制台请求 perf-metrics/summary,返回近 N 小时各活动分组的性能指标汇总,PerfMetric,"controller/perf_metrics.go GetPerfMetricsSummary hours 默认 24;activeGroups=GetGroupRatioCopy 键 + ""auto"" 调 perfmetrics.QuerySummaryAll;api-router.go perfMetricsRoute 挂 HeaderNavModulePublicOrUserAuth(""pricing"")",hours 默认 24 可经 query 覆盖;仅聚合活动分组 + auto;查询失败返回 500 + message,"受 HeaderNavModulePublicOrUserAuth(""""pricing"""") 控制公开或登录可见",FC-109
F-4025,单模型性能指标查询（按 model 必填 + group + hours，过滤非活动分组）,运营与运维,anonymous;user,P2,前端选定某模型查看其性能曲线,返回该模型按分组的性能指标且仅保留活动分组,PerfMetric,"controller/perf_metrics.go GetPerfMetrics model 为空返回 400「model is required」;调 perfmetrics.Query{Model,Group,Hours};result.Groups=filterActiveGroups",model 为空返回 400;返回 Groups 仅含活动分组或 auto;hours 默认 24,perfMetricsRoute GET 受 pricing 模块鉴权,FC-109
F-4026,Uptime-Kuma 状态接入（并发拉取多组状态页 + 心跳，聚合可用率/状态）,运营与运维,anonymous,P2,前端状态页请求 GET /api/uptime/status,返回各监控组的 monitor 列表（名称/可用率/状态/分组）,UptimeMonitor,controller/uptime_kuma.go GetUptimeKumaStatus 读 console_setting.GetUptimeKumaGroups();errgroup 并发拉 /api/status-page/{slug} 与 /heartbeat/{slug};uptimeKeySuffix=_24,未配置 groups 返回空数组;按 monitorID 匹配 uptimeList(_24 后缀)与 heartbeatList;单组拉取失败返回该组空 monitors,GET /api/uptime/status 匿名可访问;httpTimeout 10s / requestTimeout 30s,FC-110
F-4027,用户协议公开内容读取,运营与运维,anonymous,P1,公开协议页加载用户协议正文,返回系统配置的用户协议文本,LegalSetting,controller/misc.go GetUserAgreement 返回 system_setting.GetLegalSettings().UserAgreement,返回 data 为 UserAgreement 文本;未设置时为空字符串,匿名公开可读,FC-111
F-4028,隐私政策公开内容读取,运营与运维,anonymous,P1,公开隐私页加载隐私政策正文,返回系统配置的隐私政策文本,LegalSetting,controller/misc.go GetPrivacyPolicy 返回 system_setting.GetLegalSettings().PrivacyPolicy,返回 data 为 PrivacyPolicy 文本;未设置时为空,匿名公开可读,FC-111
F-4029,公告/关于/首页内容公开读取,运营与运维,anonymous,P2,前端加载公告栏、关于页、首页自定义内容,分别返回 OptionMap 中 Notice/About/HomePageContent 文本,Option,"controller/misc.go GetNotice 返 OptionMap[""Notice""];GetAbout 返 OptionMap[""About""];GetHomePageContent 返 OptionMap[""HomePageContent""]",三接口分别返回对应 OptionMap 键值;读取时持 OptionMapRWMutex.RLock,匿名公开可读;读锁保证并发一致,FC-111
F-4030,支付合规声明确认（仅会话鉴权，写合规版本/时间/操作者/IP）,运营与运维,root,P0,管理员在合规弹窗勾选确认并提交,落库 5 个 payment_setting.compliance_* 选项并返回确认结果,Option,controller/payment_compliance.go ConfirmPaymentCompliance 拒绝 access_token;req.Confirmed 必为 true;写 compliance_confirmed/terms_version/confirmed_at/confirmed_by/confirmed_ip,use_access_token 返回 403「requires dashboard session」;confirmed=false 返回「请确认合规声明」;成功写入 5 项并返回 terms_version/confirmed_by,optionRoute POST /payment_compliance 挂 RootAuth();仅会话(非 API token)可确认,FC-112
F-4031,控制台旧设置迁移（ApiInfo/Announcements/FAQ/UptimeKuma 旧键转 console_setting.*）,运营与运维,root,P2,管理员触发旧配置迁移,将旧 option 键转换为 console_setting.* 新结构并删除旧键,Option,controller/console_migrate.go MigrateConsoleSetting 读 AllOption;ApiInfo/FAQ 截断 50 条转 console_setting.api_info/faq;UptimeKumaUrl+Slug 同时存在才迁为 uptime_kuma_groups;Delete 旧键并 InitOptionMap,ApiInfo/FAQ 超 50 条被截断;仅当 url 与 slug 同时存在才迁移 uptime;旧键 ApiInfo/Announcements/FAQ/UptimeKumaUrl/UptimeKumaSlug 被删并重载 OptionMap,optionRoute POST /migrate_console_setting 挂 RootAuth();标注下个版本删除,FC-113
F-4032,"模型请求限流分组配置（按分组设置 [count,duration] 上限并校验）",运营与运维,root,P1,管理员配置某分组的模型请求速率上限,校验 JSON 后保存分组限流配置,Option,controller/option.go UpdateOption case ModelRequestRateLimitGroup 调 setting.CheckModelRequestRateLimitGroup;setting/rate_limit.go ModelRequestRateLimitGroup map[string][2]int,"非法 JSON 或不合法 [count,duration] 校验失败返回错误;保存后 GetGroupRateLimit 按分组返回限流值",optionRoute 挂 RootAuth(),FC-114
F-4033,敏感词内容过滤配置（启用开关 + 换行分隔词表）,运营与运维,root,P2,管理员在内容安全设置维护敏感词,启用开关与敏感词列表生效于 prompt 检查,SensitiveWords,setting/sensitive.go CheckSensitiveEnabled、CheckSensitiveOnPromptEnabled、SensitiveWords;SensitiveWordsFromString 按换行拆分;ShouldCheckPromptContent=两开关与运算,换行字符串被拆为词表;ShouldCheckPromptContent 在两开关均为 true 时才返回 true;默认含 test_sensitive,经选项接口由 root 配置,FC-115
F-4034,用户可用分组与自动分组配置（auto_group 列表 + 默认启用开关）,运营与运维,root,P1,管理员配置 auto 分组成员与默认是否启用,保存自动分组列表与 DefaultUseAutoGroup 开关,AutoGroup,setting/auto_group.go DefaultUseAutoGroup、UpdateAutoGroupsByJsonString、GetAutoGroups、ContainsAutoGroup;misc.go GetStatus 暴露 default_use_auto_group,ContainsAutoGroup 对 auto 分组返回 true;UpdateAutoGroupsByJsonString 解析 JSON 列表;GetStatus 暴露 default_use_auto_group 给前端,经选项接口由 root 配置,FC-116
F-4035,前端主题切换配置（default / classic 二选一，写入即生效）,运营与运维,root,P1,管理员在系统设置切换前端主题,校验主题值合法后保存 theme.frontend,Option,"controller/option.go UpdateOption case ""theme.frontend"" 仅允许 default/classic;misc.go GetStatus 暴露 theme=system_setting.GetThemeSettings().Frontend",theme.frontend 非 default/classic 返回「无效的主题值，可选值：default（新版前端）、classic（经典前端）」;成功后 GetStatus 返回新 theme,optionRoute 挂 RootAuth();前端依 GetStatus.theme 渲染对应主题,FC-117
F-4036,后端多语言解析与切换（zh-CN/zh-TW/en，按用户设置或 Accept-Language）,运营与运维,user;anonymous,P2,请求进入时按上下文确定响应语言,按用户语言设置或 Accept-Language 头返回对应语言文案,UserSetting,i18n/i18n.go Init 加载 locales/zh-CN.yaml、zh-TW.yaml、en.yaml;GetLangFromContext 先取用户设置再 ParseAcceptLanguage;T/Translate 渲染,已登录用户优先用其 UserSetting 语言;未登录回退 Accept-Language;支持 zh-CN/zh-TW/en,语言来自上下文不可任意伪造;懒加载用户语言,FC-118
F-4037,额度预警通知配置（email/webhook/bark 三渠道 + 预警阈值，正数校验）,运营与运维,user,P1,用户在个人设置选择通知方式并填阈值,保存通知类型、对应渠道参数与额度预警阈值,NotificationSetting,web/classic/.../NotificationSettings.jsx warningType 单选 email/webhook/bark;warningThreshold 必填且校验正数;webhook 填 webhookUrl+webhookSecret(Bearer);bark 填 barkUrl,warningType=webhook 时 webhookUrl 必填;warningThreshold 非正数报「预警阈值必须为正数」;余额低于阈值时按所选渠道发「您的额度即将用尽」通知,webhookSecret 以 Bearer 加请求头校验合法性,FC-119
F-4038,站内对话试用 Playground（临时令牌走 relay，禁用 access token）,Playground,user,P0,用户在 Playground 选模型发起对话提交 POST /pg/chat/completions,以临时令牌构造 relay 上下文并转发对话请求,Token;User,"controller/playground.go Playground 拒绝 use_access_token;GenRelayInfo(RelayFormatOpenAI);构造 tempToken{Name:playground-<group>,Group:UsingGroup} 经 SetupContextForToken 后调 Relay",use_access_token 返回 ErrorCodeAccessDenied「暂不支持使用 access token」;以 playground-<group> 临时令牌按用户分组计费转发,playgroundRouter /pg 挂 UserAuth()+Distribute()+SystemPerformanceCheck();按用户实际额度计费,FC-120
F-4039,营销首页公开状态聚合（系统名/Logo/页脚/登录方式开关/主题/签到开关等）,公开站点,anonymous,P1,访客打开营销首页前端拉取 GetStatus,返回首页渲染所需的全站公开配置聚合,Option;LegalSetting;ConsoleSetting,controller/misc.go GetStatus 返回 system_name/logo/footer_html/各 OAuth 开关/theme/checkin_enabled/user_agreement_enabled 等;镜像证据 WEBSITE-COVERAGE §3 页脚「基于 New API」,返回含 system_name、logo、footer_html、register_enabled、checkin_enabled 等;按 ApiInfoEnabled/AnnouncementsEnabled/FAQEnabled 条件注入可选内容,匿名公开可读;敏感配置不在此暴露,FC-121
F-4040,首页对话输入框 Playground 入口（placeholder「问点什么…」导向试用）,公开站点,anonymous;user,P2,访客在首页对话框输入并点「发送」,引导进入 Playground 对话试用,无,镜像证据 WEBSITE-COVERAGE §4 首页对话输入框 placeholder「问点什么…」(Playground/试用入口候选);后端对应 controller/playground.go Playground,首页对话框展示 placeholder「问点什么…」;发送动作导向 Playground 试用,未登录点击发送应引导登录(Playground 需 UserAuth),FC-122
F-4041,用户协议公开页（/agreement 路由渲染协议正文）,公开站点,anonymous,P1,访客访问 /agreement 页面,展示用户协议正文页,LegalSetting,镜像证据 WEBSITE-COVERAGE §2 page-0002 /agreement「用户协议」;数据源 controller/misc.go GetUserAgreement;GetStatus.user_agreement_enabled 控制入口,/agreement 渲染 UserAgreement 内容;user_agreement_enabled 为 false 时入口隐藏,匿名公开访问,FC-123
F-4042,隐私政策公开页（/privacy 路由渲染隐私正文）,公开站点,anonymous,P1,访客访问 /privacy 页面,展示隐私政策正文页,LegalSetting,镜像证据 WEBSITE-COVERAGE §2 page-0003 /privacy「隐私政策」;数据源 controller/misc.go GetPrivacyPolicy;GetStatus.privacy_policy_enabled 控制入口,/privacy 渲染 PrivacyPolicy 内容;privacy_policy_enabled 为 false 时入口隐藏,匿名公开访问,FC-124
F-4043,公开主题/语言切换控件（页面右上「切换主题」「切换语言」）,公开站点,anonymous;user,P2,访客点击页面「切换主题」或「切换语言」,切换前端主题或界面语言,无,镜像证据 WEBSITE-COVERAGE §4 公开 CTA 含「切换主题」「切换语言」;主题源 GetStatus.theme;语言源 i18n/i18n.go(zh/en 等),点击切换主题在 default/classic 间切换;切换语言在受支持语言间切换;无需登录,匿名即可切换;主题最终值受 root 配置 theme.frontend 约束,FC-125
F-4044,控制台/模型广场/API Keys 主入口（动态域，证据 GAP）,公开站点,user,P2,访客点击导航「控制台/模型广场/API Keys」跳转 app 子域,跳转至控制台动态域入口,无,镜像证据 WEBSITE-COVERAGE §4 导航含控制台/模型广场/API Keys;§7 GAP app.routifyapi.com 未访问(SEMANTIC-GAPS SG-001),导航入口指向 app 动态域;具体页面以 repo 控制台能力为权威;本轮未捕获动态截图,标注为证据 GAP(SG-001);需登录后访问,FC-126
F-4045,Codex 渠道上游用量查询（解析 OAuth key + 401/403 自动刷新 token 重试）,渠道运维,admin,P1,管理员在渠道页查 Codex 渠道用量 GET /channel/:id/codex/usage,返回该 Codex 渠道上游 wham 用量数据,Channel,controller/codex_usage.go GetCodexChannelUsage 校验 ch.Type==ChannelTypeCodex 且非 IsMultiKey;codex.ParseOAuthKey 取 access_token/account_id;FetchCodexWhamUsage;401/403 且有 refresh_token 时 RefreshCodexOAuthToken 后重试并回写 key,非 Codex 类型返回「channel type is not Codex」;multi-key 渠道返回「multi-key channel is not supported」;access_token/account_id 缺失分别报错;401/403 自动刷新后重试,channelRoute GET /:id/codex/usage 受管理鉴权;刷新成功回写渠道 key 并 InitChannelCache,FC-127
F-4046,生成视频内容网关代理下发（按渠道类型解析 URL + SSRF 校验 + 流式回传，含 Gemini 分支）,Relay,user,P1,用户对已完成视频任务请求 GET /videos/:task_id/content,代理拉取上游视频内容并流式回写给用户,Task;Channel,controller/video_proxy.go VideoProxy 校验 task 属本人且 Status==TaskStatusSuccess;按 channel.Type 分支(Gemini 用 task.PrivateData.Key+x-goog-api-key、Vertex、OpenAI/Sora 拼 /v1/videos/.../content);ValidateURLWithFetchSetting SSRF 校验后 io.Copy,task 未完成返回当前状态错误;任务不存在/非本人返回 404;视频 URL 经 SSRF 校验未通过返回 403;data: URL 走 base64 解码直出;响应设 Cache-Control max-age=86400,video proxy 路由按用户上下文取 task(GetByTaskId 带 userID);SSRF 防护按 fetchSetting 配置,FC-128
F-5001,网关附加延迟与转发开销埋点,NFR,运维/Root,P0,每次relay请求,采集网关附加延迟p50/p99并暴露指标,PerfMetric;Log,REPO-INSPECTION D16 perf_metrics;service/channel_select.go,p50<=15ms且p99<=60ms可在指标系统查询,仅运维/Root可见全量指标,NFR-P01/P02/P06
F-5002,性能压测与基准门禁,NFR,运维/Root,P1,发布前/定时,对chat转发做恒定负载压测验证吞吐与并发目标,PerfMetric,NFR-P04/P05;controller/relay.go,稳态>=1500req/s且>=5000并发长连接错误率<0.1%,失败阻断发布,NFR-P04/P05
F-5003,渠道健康度看板,NFR,运营/运维/管理员/Root,P0,持续,展示每渠道错误率/延迟/AutoBan状态供降级判断,Channel;ChannelSatisfy;Log,AutoBan;StatusCodeMapping;channel-test.go,故障渠道命中后<=1次重试切换健康渠道,需admin+权限,NFR-A02/A04
F-5004,SLA月度可用性报表,NFR,运营/管理员/Root,P1,定时,按分钟探针聚合数据面/控制面月度可用性,PerfMetric;Log,NFR-A01;uptime_kuma.go,数据面>=99.9%控制面>=99.5%可出报,只读,NFR-A01
F-5005,容灾演练与备份恢复,NFR,运维/Root,P1,演练/故障,主从切换与备份恢复达成RTO/RPO目标,DB备份,NFR-A08;DB三选一,RTO<=30min且RPO<=5min,Root审批,NFR-A08
F-5006,令牌Key掩码与受控取明文,Security,用户/开发者及以上,P0,查看/取Key,列表默认掩码显示取明文走二次验证受控接口,Token,controller/token.go;secure_verification.go,列表无明文且取明文需SecureVerification+CriticalRateLimit,self-scope+二次验证,NFR-S02
F-5007,密钥与支付Secret加密静态存储,Security,运维/Root,P0,写入/读取,渠道Key与WebhookSecret以AES-256-GCM/KMS密文落库,Channel;PaymentSetting,model/channel.go;payment_*.go;NFR-S01,DB字段为密文且支持轮换,Root配置,NFR-S01/S10
F-5008,日志prompt/响应脱敏管线,Security,运维/Root,P0,记录日志时,对开启正文留存的日志按PII规则脱敏后存储,Log,model/log.go;NFR-S04,含PII的prompt在日志中已掩码,默认不留正文,NFR-S04/DC-005
F-5009,高危操作审计留痕,Security,运营/运维/管理员/Root,P0,高危操作,取Key/改倍率/禁渠道/改Option等写审计含前后值,Log;Audit,controller/audit.go;NFR-S09,审计可按操作人/对象检索,admin+可查,NFR-S09
F-5010,Prometheus RED指标导出,Observability,运维/Root,P0,持续,暴露按渠道/模型的请求率/错误率/延迟与额度速率,PerfMetric;UseData,controller/perf_metrics.go;NFR-O01,/metrics可被抓取且含维度标签,运维/Root,NFR-O01/O02
F-5011,多渠道告警编排,Observability,运营/运维/管理员/Root,P0,阈值触发,渠道错误率/额度/限流/延迟超SLO经Email/Webhook/Bark告警,Option;NotificationSettings,NotificationSettings;NFR-O03,注入故障告警送达对应渠道,admin+配置,NFR-O03
F-5012,链路追踪trace_id贯穿,Observability,运维/Root,P1,每请求,入站到上游到结算贯穿trace_id并支持OTel导出,Log,relay链路;NFR-O04,单请求可在APM端到端串联,运维/Root,NFR-O04
F-5013,无状态横扩与共享缓存,Scalability,运维/Root,P0,扩容,转发实例无本地状态状态走Redis可线性扩展,ChannelCache;TokenCache,Redis;NFR-E01,2到4实例吞吐近线性增长,运维/Root,NFR-E01
F-5014,缓存命中率监控,Scalability,运维/Root,P1,持续,监控渠道/令牌/Ability缓存命中率,ChannelCache;TokenCache;Ability,model/channel_cache.go;NFR-E02,命中率>=95%且DB选渠占比<5%,运维/Root,NFR-E02
F-5015,日志归档与分区,Scalability,运维/Root,P1,定时,日志表分区并归档超期数据,Log;QuotaData,GORM;NFR-E03;DC-006,超期日志按策略归档不影响查询,运维/Root,NFR-E03/DC-006
F-5016,数据分级登记,Compliance,运营/Root,P1,初始化/变更,对凭证/PII/内容/计量四级数据字段标注分级,全表,DC-001;model/*,字段清单含分级标注,Root维护,DC-001
F-5017,prompt留存开关与保留期,Compliance,运营/Root,P0,配置,正文留存默认关可开且独立保留期默认<=30天,Log;Option,model/log.go;DC-005,留存开关与保留期可配且生效,admin+配置,DC-005
F-5018,合规分组仅境内provider,Compliance,运营/Root,P1,选渠,为合规分组限定仅命中境内数据驻地渠道,Channel;UserGroup;VendorMeta,group_ratio;DC-008;INTEGRATION-LIST,合规分组请求不命中境外渠道,admin+配置,DC-008
F-5019,数据出境告知与驻地标注,Compliance,访客/用户及以上,P0,展示/调用,每provider标注境内外驻地并明示请求转发地区,VendorMeta,vendor_meta.go;DC-009/DC-010,价格页与控制台可见数据驻地,公开可见,DC-008/DC-009
F-5020,账号注销级联删除,Compliance,用户及以上,P0,注销,注销级联删除令牌/OAuth绑定/PII并匿名化日志,User;Token;UserOAuthBinding;Log,DC-011;model/user.go,注销后PII清空或匿名,self-scope,DC-003/DC-011
F-5021,隐私政策与出境条款同意闸门,Compliance,访客/用户,P0,首次调用前,未接受含出境与留存条款的协议不可调用,Option;User,controller/option.go;DC-010,未同意协议拒绝调用,公开闸门,DC-010
F-5030,功能权限组运营集运维集分配,RBAC,Root,P1,配置,Root为admin细分运营/运维最小权限集,User;Option,ROLE-PERMISSION-MATRIX;role=admin,Operator仅得O07-O09且SRE仅得O11与O10只读,RootAuth,RBAC-matrix
F-5031,三级系统角色鉴权,RBAC,全部,P0,每请求,common/admin/root经AdminAuth/RootAuth中间件鉴权,User,GLOSSARY角色;AdminAuth/RootAuth,越权路由返回403,中间件强制,RBAC-matrix
F-5032,self-scope资源越权防护,RBAC,用户/开发者,P0,访问资源,按user_id强制过滤令牌/额度/任务/日志,Token;Log;Task;Quota,model层user_id过滤,访问他人资源返回403,self-scope,RBAC-matrix
F-5033,高危操作二次验证闸门,RBAC,用户及以上,P0,高危操作,取Key/改倍率/重置2FA等统一接入SecureVerification,Token;Channel;User,secure_verification.go;NFR-S09,无二次验证调用返回403,二次验证,RBAC-matrix
F-5034,角色操作权限矩阵配置化,RBAC,Root,P2,配置/审计,矩阵可后台查看与审计变更,Option;Audit,ROLE-PERMISSION-MATRIX,矩阵变更可审计,RootAuth,RBAC-matrix
F-5035,团队工作区实体阶段二预留,RBAC,用户/Root,P3,创建团队,引入team_id与Owner/Member两级角色及共享额度池,User;Token;Team;Quota,SG-006;ROLE-PERMISSION-MATRIX多租户决策,团队共享额度且成员self-scope,阶段二启用,SG-006
F-6001,对外模型分级商品目录,D8 模型与供应商,超管,P0,admin 配置对外模型(公开名A/品质档/基准售价/上下架),品质不同拆独立对外模型分别定价(旗舰/增强/经济),PublicModel,COMPAT-BILLING-DECISIONS §3、DATA-MODEL §16,品质拆分后三档各独立定价、上架即客户可见,品质不同绝不混同一A兜底(红线),COMPAT-BILLING
F-6002,超管底仓映射 A→B,D8 模型与供应商,超管,P0,admin 配置 A→B 全局底仓映射,"对外名A映射到真实上游模型B,客户永不可见B",PlatformModelMapping,COMPAT-BILLING-DECISIONS §2、DATA-MODEL §17,"A→B 1对1,客户视图/候选/日志均不出现B",B不可见三道闸,COMPAT-BILLING
F-6003,客户层自助模型映射 C→A,D8 模型与供应商,注册用户,P0,"客户配 C→A(用户级/分组级,开放输入+候选联想)","客户用自己的别名C调用,映射到平台公开模型A",UserModelAlias,COMPAT-BILLING-DECISIONS §2、DATA-MODEL §18,"user级优先group级,候选=公开A全集但不强制白名单",不校验白名单/越权护栏self-scope,COMPAT-BILLING
F-6004,模型权限全开,D8 模型与供应商,注册用户,P1,所有对外模型对所有客户可见可用,"不按等级圈定可用模型,分组仅折扣",PublicModel,COMPAT-BILLING-DECISIONS §5,"上架即全员可用,无越权问题",分组退化为纯折扣不控权限,COMPAT-BILLING
F-6005,供应渠道池(一对多+容灾),D7 渠道与供应商,超管,P0,对外模型A→真实模型B 绑多个渠道,"按优先级/权重选渠,挂了兜底切下一个","Channel,Ability,ChannelModelCost",COMPAT-BILLING-DECISIONS §3、prd-channel CH-6,"主渠道异常自动切备用,售价恒定",同一A只挂同品质渠道,COMPAT-BILLING
F-6006,供应商成本配置,D7 渠道与供应商,超管,P0,admin 手填渠道×真实模型B的成本倍率,"记录每渠道每模型进货成本,供利润计算",ChannelModelCost,COMPAT-BILLING-DECISIONS §4、DATA-MODEL §19,"结算按实际渠道×B取成本,缺失记0告警","成本仅内部,不影响客户售价",COMPAT-BILLING
F-6007,成本/售价分离,D6 计费与额度,系统,P0,每笔请求售价挂A成本挂渠道×B,"售价对客户恒定,成本随实际供应商浮动",Log(quota_sell/quota_cost/quota_profit),COMPAT-BILLING-DECISIONS §4、prd-billing BL-7,兜底切供应商售价不变成本跟实际走,成本不乘折扣,COMPAT-BILLING
F-6008,分组折扣计费,D6 计费与额度,系统,P0,最终扣费=对外模型基准价×分组折扣系数,按付费等级free/vip/svip给不同折扣,"User.Group,group_ratio",COMPAT-BILLING-DECISIONS §6、prd-billing BL-8,公开站展示基准价客户登录看折后价,分组仅折扣不定价不控权限,COMPAT-BILLING
F-6009,利润分析看板,D6 计费与额度,超管,P1,admin 按模型/供应商/分组看利润,"逐笔利润=售价-成本,聚合识别亏损渠道","Log,AdminLogView",COMPAT-BILLING-DECISIONS §9、prd-billing BL-9,"利润看板按三维度聚合,亏损标红告警",成本/利润仅admin可见,COMPAT-BILLING
F-6010,协议兼容层(OpenAI⇄Anthropic),D9 中继转发,系统,P0,客户用OpenAI或Anthropic格式打进来都接,只看头尾:确定目标模型后做一次协议转换,"IR中间表示,RelayFormat",COMPAT-BILLING-DECISIONS §1、prd-relay RL-6,"入站vs目标协议相等直通不等转换,留扩展位","复用adapter.go,可插拔适配器",COMPAT-BILLING
F-6011,端到端经营转发链路,D9 中继转发,系统,P0,协议识别→C→A→B映射→选渠→转换→计费→落Log,串联映射/路由/协议/计费全链,"RelayInfo,PriceData,Log",COMPAT-BILLING-DECISIONS §10、prd-relay RL-7,"完整链路9步,含成本缺失/亏损分支",映射环检测+最大跳数,COMPAT-BILLING
F-6012,调用明细逐条展示,D5 用量与日志,"注册用户,超管",P0,用量页逐条展示每次调用明细,模型/分组/计费模式/Tokens/费用/IP/UA/耗时,"Log,UserLogView,AdminLogView",COMPAT-BILLING-DECISIONS §8、prd-usagelog UL-9,"每次调用一行可展开,admin全局客户仅自己",客户不可见B/成本/利润/供应商,COMPAT-BILLING
